2026-06-10 14:56:59.946 [background-preinit] INFO  o.h.validator.internal.util.Version -HV000001: Hibernate Validator 6.1.5.Final
2026-06-10 14:56:59.998 [restartedMain] INFO  c.s.e.u.EHubUpstreamApplication -Starting EHubUpstreamApplication on MacBook-Pro-9.local with PID 59485 (/Users/sl/Documents/java/enn/e-hub/e-hub-upstream/target/classes started by sl in /Users/sl/Documents/java/enn/e-hub)
2026-06-10 14:56:59.999 [restartedMain] INFO  c.s.e.u.EHubUpstreamApplication -No active profile set, falling back to default profiles: default
2026-06-10 14:57:00.073 [restartedMain] INFO  o.s.b.d.e.DevToolsPropertyDefaultsPostProcessor -Devtools property defaults active! Set 'spring.devtools.add-properties' to 'false' to disable
2026-06-10 14:57:00.088 [restartedMain] INFO  o.s.b.d.e.DevToolsPropertyDefaultsPostProcessor -For additional web related logging consider setting the 'logging.level.web' property to 'DEBUG'
2026-06-10 14:57:00.430 [background-preinit] WARN  o.s.h.c.j.Jackson2ObjectMapperBuilder -For Jackson Kotlin classes support please add "com.fasterxml.jackson.module:jackson-module-kotlin" to the classpath
2026-06-10 14:57:00.993 [restartedMain] WARN  t.m.s.mapper.ClassPathMapperScanner -No MyBatis mapper was found in '[cn.sl.ehub.upstream.mapper]' package. Please check your configuration.
2026-06-10 14:57:01.295 [restartedMain] WARN  t.m.s.mapper.ClassPathMapperScanner -No MyBatis mapper was found in '[cn.sl.ehub.upstream]' package. Please check your configuration.
2026-06-10 14:57:01.517 [restartedMain] INFO  o.s.d.r.c.RepositoryConfigurationDelegate -Multiple Spring Data modules found, entering strict repository configuration mode!
2026-06-10 14:57:01.519 [restartedMain] INFO  o.s.d.r.c.RepositoryConfigurationDelegate -Bootstrapping Spring Data JDBC repositories in DEFAULT mode.
2026-06-10 14:57:01.541 [restartedMain] INFO  o.s.d.r.c.RepositoryConfigurationDelegate -Finished Spring Data repository scanning in 16ms. Found 0 JDBC repository interfaces.
2026-06-10 14:57:01.570 [restartedMain] INFO  o.s.d.r.c.RepositoryConfigurationDelegate -Multiple Spring Data modules found, entering strict repository configuration mode!
2026-06-10 14:57:01.572 [restartedMain] INFO  o.s.d.r.c.RepositoryConfigurationDelegate -Bootstrapping Spring Data Redis repositories in DEFAULT mode.
2026-06-10 14:57:01.593 [restartedMain] INFO  o.s.d.r.c.RepositoryConfigurationDelegate -Finished Spring Data repository scanning in 8ms. Found 0 Redis repository interfaces.
2026-06-10 14:57:01.874 [restartedMain] WARN  o.m.s.mapper.ClassPathMapperScanner -No MyBatis mapper was found in '[cn.sl.ehub.upstream]' package. Please check your configuration.
2026-06-10 14:57:02.906 [restartedMain] INFO  o.s.b.w.e.tomcat.TomcatWebServer -Tomcat initialized with port(s): 8088 (http)
2026-06-10 14:57:02.926 [restartedMain] INFO  o.a.coyote.http11.Http11NioProtocol -Initializing ProtocolHandler ["http-nio-8088"]
2026-06-10 14:57:02.945 [restartedMain] INFO  o.a.catalina.core.StandardService -Starting service [Tomcat]
2026-06-10 14:57:02.945 [restartedMain] INFO  o.a.catalina.core.StandardEngine -Starting Servlet engine: [Apache Tomcat/9.0.38]
2026-06-10 14:57:03.031 [restartedMain] INFO  o.a.c.c.C.[Tomcat].[localhost].[/] -Initializing Spring embedded WebApplicationContext
2026-06-10 14:57:03.031 [restartedMain] INFO  o.s.b.w.s.c.ServletWebServerApplicationContext -Root WebApplicationContext: initialization completed in 2943 ms
2026-06-10 14:57:03.360 [restartedMain] INFO  cn.sl.ehub.upstream.config.SSLConfig -==========trustStore处理成功
2026-06-10 14:57:03.635 [restartedMain] INFO  cn.sl.ehub.upstream.config.SSLConfig -=========keyStore处理成功
2026-06-10 14:57:03.814 [restartedMain] WARN  o.s.b.w.s.c.AnnotationConfigServletWebServerApplicationContext -Exception encountered during context initialization - cancelling refresh attempt: org.springframework.beans.factory.BeanCreationException: Error creating bean with name 'deliveryController': Injection of resource dependencies failed; nested exception is org.springframework.beans.factory.BeanCreationException: Error creating bean with name 'deliveryService': Injection of resource dependencies failed; nested exception is org.springframework.beans.factory.NoSuchBeanDefinitionException: No qualifying bean of type 'cn.sl.ehub.service.service.TotalDeliveryLogService' available: expected at least 1 bean which qualifies as autowire candidate. Dependency annotations: {@javax.annotation.Resource(shareable=true, lookup=, name=, description=, authenticationType=CONTAINER, type=class java.lang.Object, mappedName=)}
2026-06-10 14:57:03.821 [restartedMain] INFO  o.a.catalina.core.StandardService -Stopping service [Tomcat]
2026-06-10 14:57:03.855 [restartedMain] INFO  o.s.b.a.l.ConditionEvaluationReportLoggingListener -

Error starting ApplicationContext. To display the conditions report re-run your application with 'debug' enabled.
2026-06-10 14:57:04.102 [restartedMain] ERROR o.s.b.d.LoggingFailureAnalysisReporter -

***************************
APPLICATION FAILED TO START
***************************

Description:

A component required a bean of type 'cn.sl.ehub.service.service.TotalDeliveryLogService' that could not be found.


Action:

Consider defining a bean of type 'cn.sl.ehub.service.service.TotalDeliveryLogService' in your configuration.

2026-06-10 15:03:28.689 [background-preinit] INFO  o.h.validator.internal.util.Version -HV000001: Hibernate Validator 6.1.5.Final
2026-06-10 15:03:28.739 [restartedMain] INFO  c.s.e.u.EHubUpstreamApplication -Starting EHubUpstreamApplication on MacBook-Pro-9.local with PID 68839 (/Users/sl/Documents/java/enn/e-hub/e-hub-upstream/target/classes started by sl in /Users/sl/Documents/java/enn/e-hub)
2026-06-10 15:03:28.740 [restartedMain] INFO  c.s.e.u.EHubUpstreamApplication -No active profile set, falling back to default profiles: default
2026-06-10 15:03:28.816 [restartedMain] INFO  o.s.b.d.e.DevToolsPropertyDefaultsPostProcessor -Devtools property defaults active! Set 'spring.devtools.add-properties' to 'false' to disable
2026-06-10 15:03:28.817 [restartedMain] INFO  o.s.b.d.e.DevToolsPropertyDefaultsPostProcessor -For additional web related logging consider setting the 'logging.level.web' property to 'DEBUG'
2026-06-10 15:03:29.275 [background-preinit] WARN  o.s.h.c.j.Jackson2ObjectMapperBuilder -For Jackson Kotlin classes support please add "com.fasterxml.jackson.module:jackson-module-kotlin" to the classpath
2026-06-10 15:03:29.954 [restartedMain] WARN  t.m.s.mapper.ClassPathMapperScanner -No MyBatis mapper was found in '[cn.sl.ehub.upstream.mapper]' package. Please check your configuration.
2026-06-10 15:03:30.211 [restartedMain] WARN  t.m.s.mapper.ClassPathMapperScanner -No MyBatis mapper was found in '[cn.sl.ehub.upstream]' package. Please check your configuration.
2026-06-10 15:03:30.409 [restartedMain] INFO  o.s.d.r.c.RepositoryConfigurationDelegate -Multiple Spring Data modules found, entering strict repository configuration mode!
2026-06-10 15:03:30.410 [restartedMain] INFO  o.s.d.r.c.RepositoryConfigurationDelegate -Bootstrapping Spring Data JDBC repositories in DEFAULT mode.
2026-06-10 15:03:30.430 [restartedMain] INFO  o.s.d.r.c.RepositoryConfigurationDelegate -Finished Spring Data repository scanning in 13ms. Found 0 JDBC repository interfaces.
2026-06-10 15:03:30.460 [restartedMain] INFO  o.s.d.r.c.RepositoryConfigurationDelegate -Multiple Spring Data modules found, entering strict repository configuration mode!
2026-06-10 15:03:30.462 [restartedMain] INFO  o.s.d.r.c.RepositoryConfigurationDelegate -Bootstrapping Spring Data Redis repositories in DEFAULT mode.
2026-06-10 15:03:30.491 [restartedMain] INFO  o.s.d.r.c.RepositoryConfigurationDelegate -Finished Spring Data repository scanning in 4ms. Found 0 Redis repository interfaces.
2026-06-10 15:03:30.675 [restartedMain] WARN  o.m.s.mapper.ClassPathMapperScanner -No MyBatis mapper was found in '[cn.sl.ehub.upstream]' package. Please check your configuration.
2026-06-10 15:03:31.802 [restartedMain] INFO  o.s.b.w.e.tomcat.TomcatWebServer -Tomcat initialized with port(s): 8088 (http)
2026-06-10 15:03:31.827 [restartedMain] INFO  o.a.coyote.http11.Http11NioProtocol -Initializing ProtocolHandler ["http-nio-8088"]
2026-06-10 15:03:31.845 [restartedMain] INFO  o.a.catalina.core.StandardService -Starting service [Tomcat]
2026-06-10 15:03:31.845 [restartedMain] INFO  o.a.catalina.core.StandardEngine -Starting Servlet engine: [Apache Tomcat/9.0.38]
2026-06-10 15:03:31.937 [restartedMain] INFO  o.a.c.c.C.[Tomcat].[localhost].[/] -Initializing Spring embedded WebApplicationContext
2026-06-10 15:03:31.951 [restartedMain] INFO  o.s.b.w.s.c.ServletWebServerApplicationContext -Root WebApplicationContext: initialization completed in 3134 ms
2026-06-10 15:03:32.373 [restartedMain] INFO  cn.sl.ehub.upstream.config.SSLConfig -==========trustStore处理成功
2026-06-10 15:03:32.874 [restartedMain] INFO  cn.sl.ehub.upstream.config.SSLConfig -=========keyStore处理成功
2026-06-10 15:03:33.043 [restartedMain] WARN  o.s.b.w.s.c.AnnotationConfigServletWebServerApplicationContext -Exception encountered during context initialization - cancelling refresh attempt: org.springframework.beans.factory.BeanCreationException: Error creating bean with name 'deliveryController': Injection of resource dependencies failed; nested exception is org.springframework.beans.factory.BeanCreationException: Error creating bean with name 'deliveryService': Injection of resource dependencies failed; nested exception is org.springframework.beans.factory.BeanCreationException: Error creating bean with name 'totalDeliveryLogService': Injection of resource dependencies failed; nested exception is org.springframework.beans.factory.NoSuchBeanDefinitionException: No qualifying bean of type 'cn.sl.ehub.service.mapper.TotalDeliveryLogMapper' available: expected at least 1 bean which qualifies as autowire candidate. Dependency annotations: {@javax.annotation.Resource(shareable=true, lookup=, name=, description=, authenticationType=CONTAINER, type=class java.lang.Object, mappedName=)}
2026-06-10 15:03:33.048 [restartedMain] INFO  o.a.catalina.core.StandardService -Stopping service [Tomcat]
2026-06-10 15:03:33.075 [restartedMain] INFO  o.s.b.a.l.ConditionEvaluationReportLoggingListener -

Error starting ApplicationContext. To display the conditions report re-run your application with 'debug' enabled.
2026-06-10 15:03:33.295 [restartedMain] ERROR o.s.b.d.LoggingFailureAnalysisReporter -

***************************
APPLICATION FAILED TO START
***************************

Description:

A component required a bean of type 'cn.sl.ehub.service.mapper.TotalDeliveryLogMapper' that could not be found.


Action:

Consider defining a bean of type 'cn.sl.ehub.service.mapper.TotalDeliveryLogMapper' in your configuration.

2026-06-10 15:04:30.059 [background-preinit] INFO  o.h.validator.internal.util.Version -HV000001: Hibernate Validator 6.1.5.Final
2026-06-10 15:04:30.101 [restartedMain] INFO  c.s.e.u.EHubUpstreamApplication -Starting EHubUpstreamApplication on MacBook-Pro-9.local with PID 70453 (/Users/sl/Documents/java/enn/e-hub/e-hub-upstream/target/classes started by sl in /Users/sl/Documents/java/enn/e-hub)
2026-06-10 15:04:30.102 [restartedMain] INFO  c.s.e.u.EHubUpstreamApplication -No active profile set, falling back to default profiles: default
2026-06-10 15:04:30.177 [restartedMain] INFO  o.s.b.d.e.DevToolsPropertyDefaultsPostProcessor -Devtools property defaults active! Set 'spring.devtools.add-properties' to 'false' to disable
2026-06-10 15:04:30.178 [restartedMain] INFO  o.s.b.d.e.DevToolsPropertyDefaultsPostProcessor -For additional web related logging consider setting the 'logging.level.web' property to 'DEBUG'
2026-06-10 15:04:30.538 [background-preinit] WARN  o.s.h.c.j.Jackson2ObjectMapperBuilder -For Jackson Kotlin classes support please add "com.fasterxml.jackson.module:jackson-module-kotlin" to the classpath
2026-06-10 15:04:32.150 [restartedMain] INFO  o.s.d.r.c.RepositoryConfigurationDelegate -Multiple Spring Data modules found, entering strict repository configuration mode!
2026-06-10 15:04:32.152 [restartedMain] INFO  o.s.d.r.c.RepositoryConfigurationDelegate -Bootstrapping Spring Data JDBC repositories in DEFAULT mode.
2026-06-10 15:04:32.178 [restartedMain] INFO  o.s.d.r.c.RepositoryConfigurationDelegate -Finished Spring Data repository scanning in 20ms. Found 0 JDBC repository interfaces.
2026-06-10 15:04:32.226 [restartedMain] INFO  o.s.d.r.c.RepositoryConfigurationDelegate -Multiple Spring Data modules found, entering strict repository configuration mode!
2026-06-10 15:04:32.227 [restartedMain] INFO  o.s.d.r.c.RepositoryConfigurationDelegate -Bootstrapping Spring Data Redis repositories in DEFAULT mode.
2026-06-10 15:04:32.247 [restartedMain] INFO  o.s.d.r.c.RepositoryConfigurationDelegate -Finished Spring Data repository scanning in 6ms. Found 0 Redis repository interfaces.
2026-06-10 15:04:32.506 [restartedMain] WARN  o.m.s.mapper.ClassPathMapperScanner -No MyBatis mapper was found in '[cn.sl.ehub.upstream]' package. Please check your configuration.
2026-06-10 15:04:33.538 [restartedMain] INFO  o.s.b.w.e.tomcat.TomcatWebServer -Tomcat initialized with port(s): 8088 (http)
2026-06-10 15:04:33.557 [restartedMain] INFO  o.a.coyote.http11.Http11NioProtocol -Initializing ProtocolHandler ["http-nio-8088"]
2026-06-10 15:04:33.576 [restartedMain] INFO  o.a.catalina.core.StandardService -Starting service [Tomcat]
2026-06-10 15:04:33.577 [restartedMain] INFO  o.a.catalina.core.StandardEngine -Starting Servlet engine: [Apache Tomcat/9.0.38]
2026-06-10 15:04:33.654 [restartedMain] INFO  o.a.c.c.C.[Tomcat].[localhost].[/] -Initializing Spring embedded WebApplicationContext
2026-06-10 15:04:33.654 [restartedMain] INFO  o.s.b.w.s.c.ServletWebServerApplicationContext -Root WebApplicationContext: initialization completed in 3476 ms
2026-06-10 15:04:33.971 [restartedMain] INFO  cn.sl.ehub.upstream.config.SSLConfig -==========trustStore处理成功
2026-06-10 15:04:34.229 [restartedMain] INFO  cn.sl.ehub.upstream.config.SSLConfig -=========keyStore处理成功
2026-06-10 15:04:34.392 [restartedMain] WARN  o.s.b.w.s.c.AnnotationConfigServletWebServerApplicationContext -Exception encountered during context initialization - cancelling refresh attempt: org.springframework.beans.factory.BeanCreationException: Error creating bean with name 'deliveryController': Injection of resource dependencies failed; nested exception is org.springframework.beans.factory.BeanCreationException: Error creating bean with name 'deliveryService': Injection of resource dependencies failed; nested exception is org.springframework.beans.factory.BeanCreationException: Error creating bean with name 'totalDeliveryLogService': Injection of resource dependencies failed; nested exception is org.springframework.beans.factory.UnsatisfiedDependencyException: Error creating bean with name 'totalDeliveryLogMapper' defined in file [/Users/sl/Documents/java/enn/e-hub/e-hub-service/target/classes/cn/sl/ehub/service/mapper/TotalDeliveryLogMapper.class]: Unsatisfied dependency expressed through bean property 'sqlSessionFactory'; nested exception is org.springframework.beans.factory.UnsatisfiedDependencyException: Error creating bean with name 'sqlSessionFactory' defined in class path resource [com/baomidou/mybatisplus/autoconfigure/MybatisPlusAutoConfiguration.class]: Unsatisfied dependency expressed through method 'sqlSessionFactory' parameter 0; nested exception is org.springframework.beans.factory.BeanCreationException: Error creating bean with name 'dataSource' defined in class path resource [org/springframework/boot/autoconfigure/jdbc/DataSourceConfiguration$Hikari.class]: Bean instantiation via factory method failed; nested exception is org.springframework.beans.BeanInstantiationException: Failed to instantiate [com.zaxxer.hikari.HikariDataSource]: Factory method 'dataSource' threw exception; nested exception is org.springframework.boot.autoconfigure.jdbc.DataSourceProperties$DataSourceBeanCreationException: Failed to determine a suitable driver class
2026-06-10 15:04:34.396 [restartedMain] INFO  o.a.catalina.core.StandardService -Stopping service [Tomcat]
2026-06-10 15:04:34.416 [restartedMain] INFO  o.s.b.a.l.ConditionEvaluationReportLoggingListener -

Error starting ApplicationContext. To display the conditions report re-run your application with 'debug' enabled.
2026-06-10 15:04:34.420 [restartedMain] ERROR o.s.b.d.LoggingFailureAnalysisReporter -

***************************
APPLICATION FAILED TO START
***************************

Description:

Failed to configure a DataSource: 'url' attribute is not specified and no embedded datasource could be configured.

Reason: Failed to determine a suitable driver class


Action:

Consider the following:
	If you want an embedded database (H2, HSQL or Derby), please put it on the classpath.
	If you have database settings to be loaded from a particular profile you may need to activate it (no profiles are currently active).

2026-06-10 16:18:01.388 [background-preinit] INFO  o.h.validator.internal.util.Version -HV000001: Hibernate Validator 6.1.5.Final
2026-06-10 16:18:01.432 [restartedMain] INFO  c.s.e.u.EHubUpstreamApplication -Starting EHubUpstreamApplication on MacBook-Pro-9.local with PID 81752 (/Users/sl/Documents/java/enn/e-hub/e-hub-upstream/target/classes started by sl in /Users/sl/Documents/java/enn/e-hub)
2026-06-10 16:18:01.433 [restartedMain] INFO  c.s.e.u.EHubUpstreamApplication -No active profile set, falling back to default profiles: default
2026-06-10 16:18:01.492 [restartedMain] INFO  o.s.b.d.e.DevToolsPropertyDefaultsPostProcessor -Devtools property defaults active! Set 'spring.devtools.add-properties' to 'false' to disable
2026-06-10 16:18:01.493 [restartedMain] INFO  o.s.b.d.e.DevToolsPropertyDefaultsPostProcessor -For additional web related logging consider setting the 'logging.level.web' property to 'DEBUG'
2026-06-10 16:18:01.869 [background-preinit] WARN  o.s.h.c.j.Jackson2ObjectMapperBuilder -For Jackson Kotlin classes support please add "com.fasterxml.jackson.module:jackson-module-kotlin" to the classpath
2026-06-10 16:18:02.896 [restartedMain] INFO  o.s.d.r.c.RepositoryConfigurationDelegate -Multiple Spring Data modules found, entering strict repository configuration mode!
2026-06-10 16:18:02.911 [restartedMain] INFO  o.s.d.r.c.RepositoryConfigurationDelegate -Bootstrapping Spring Data JDBC repositories in DEFAULT mode.
2026-06-10 16:18:02.934 [restartedMain] INFO  o.s.d.r.c.RepositoryConfigurationDelegate -Finished Spring Data repository scanning in 13ms. Found 0 JDBC repository interfaces.
2026-06-10 16:18:02.951 [restartedMain] INFO  o.s.d.r.c.RepositoryConfigurationDelegate -Multiple Spring Data modules found, entering strict repository configuration mode!
2026-06-10 16:18:02.953 [restartedMain] INFO  o.s.d.r.c.RepositoryConfigurationDelegate -Bootstrapping Spring Data Redis repositories in DEFAULT mode.
2026-06-10 16:18:02.971 [restartedMain] INFO  o.s.d.r.c.RepositoryConfigurationDelegate -Finished Spring Data repository scanning in 5ms. Found 0 Redis repository interfaces.
2026-06-10 16:18:03.164 [restartedMain] WARN  o.m.s.mapper.ClassPathMapperScanner -No MyBatis mapper was found in '[cn.sl.ehub.upstream]' package. Please check your configuration.
2026-06-10 16:18:04.360 [restartedMain] INFO  o.s.b.w.e.tomcat.TomcatWebServer -Tomcat initialized with port(s): 8088 (http)
2026-06-10 16:18:04.378 [restartedMain] INFO  o.a.coyote.http11.Http11NioProtocol -Initializing ProtocolHandler ["http-nio-8088"]
2026-06-10 16:18:04.379 [restartedMain] INFO  o.a.catalina.core.StandardService -Starting service [Tomcat]
2026-06-10 16:18:04.380 [restartedMain] INFO  o.a.catalina.core.StandardEngine -Starting Servlet engine: [Apache Tomcat/9.0.38]
2026-06-10 16:18:04.472 [restartedMain] INFO  o.a.c.c.C.[Tomcat].[localhost].[/] -Initializing Spring embedded WebApplicationContext
2026-06-10 16:18:04.472 [restartedMain] INFO  o.s.b.w.s.c.ServletWebServerApplicationContext -Root WebApplicationContext: initialization completed in 2979 ms
2026-06-10 16:18:04.765 [restartedMain] INFO  cn.sl.ehub.upstream.config.SSLConfig -==========trustStore处理成功
2026-06-10 16:18:05.226 [restartedMain] INFO  cn.sl.ehub.upstream.config.SSLConfig -=========keyStore处理成功
2026-06-10 16:18:05.419 [restartedMain] WARN  o.s.b.w.s.c.AnnotationConfigServletWebServerApplicationContext -Exception encountered during context initialization - cancelling refresh attempt: org.springframework.beans.factory.BeanCreationException: Error creating bean with name 'deliveryController': Injection of resource dependencies failed; nested exception is org.springframework.beans.factory.BeanCreationException: Error creating bean with name 'deliveryService': Injection of resource dependencies failed; nested exception is org.springframework.beans.factory.BeanCreationException: Error creating bean with name 'totalDeliveryLogService': Injection of resource dependencies failed; nested exception is org.springframework.beans.factory.UnsatisfiedDependencyException: Error creating bean with name 'totalDeliveryLogMapper' defined in file [/Users/sl/Documents/java/enn/e-hub/e-hub-service/target/classes/cn/sl/ehub/service/mapper/TotalDeliveryLogMapper.class]: Unsatisfied dependency expressed through bean property 'sqlSessionFactory'; nested exception is org.springframework.beans.factory.UnsatisfiedDependencyException: Error creating bean with name 'sqlSessionFactory' defined in class path resource [com/baomidou/mybatisplus/autoconfigure/MybatisPlusAutoConfiguration.class]: Unsatisfied dependency expressed through method 'sqlSessionFactory' parameter 0; nested exception is org.springframework.beans.factory.BeanCreationException: Error creating bean with name 'dataSource' defined in class path resource [org/springframework/boot/autoconfigure/jdbc/DataSourceConfiguration$Hikari.class]: Bean instantiation via factory method failed; nested exception is org.springframework.beans.BeanInstantiationException: Failed to instantiate [com.zaxxer.hikari.HikariDataSource]: Factory method 'dataSource' threw exception; nested exception is org.springframework.boot.autoconfigure.jdbc.DataSourceProperties$DataSourceBeanCreationException: Failed to determine a suitable driver class
2026-06-10 16:18:05.423 [restartedMain] INFO  o.a.catalina.core.StandardService -Stopping service [Tomcat]
2026-06-10 16:18:05.457 [restartedMain] INFO  o.s.b.a.l.ConditionEvaluationReportLoggingListener -

Error starting ApplicationContext. To display the conditions report re-run your application with 'debug' enabled.
2026-06-10 16:18:05.467 [restartedMain] ERROR o.s.b.d.LoggingFailureAnalysisReporter -

***************************
APPLICATION FAILED TO START
***************************

Description:

Failed to configure a DataSource: 'url' attribute is not specified and no embedded datasource could be configured.

Reason: Failed to determine a suitable driver class


Action:

Consider the following:
	If you want an embedded database (H2, HSQL or Derby), please put it on the classpath.
	If you have database settings to be loaded from a particular profile you may need to activate it (no profiles are currently active).

2026-06-10 16:19:34.108 [background-preinit] INFO  o.h.validator.internal.util.Version -HV000001: Hibernate Validator 6.1.5.Final
2026-06-10 16:19:34.142 [restartedMain] INFO  c.s.e.u.EHubUpstreamApplication -Starting EHubUpstreamApplication on MacBook-Pro-9.local with PID 84467 (/Users/sl/Documents/java/enn/e-hub/e-hub-upstream/target/classes started by sl in /Users/sl/Documents/java/enn/e-hub)
2026-06-10 16:19:34.142 [restartedMain] INFO  c.s.e.u.EHubUpstreamApplication -The following profiles are active: dev
2026-06-10 16:19:34.204 [restartedMain] INFO  o.s.b.d.e.DevToolsPropertyDefaultsPostProcessor -Devtools property defaults active! Set 'spring.devtools.add-properties' to 'false' to disable
2026-06-10 16:19:34.205 [restartedMain] INFO  o.s.b.d.e.DevToolsPropertyDefaultsPostProcessor -For additional web related logging consider setting the 'logging.level.web' property to 'DEBUG'
2026-06-10 16:19:34.501 [background-preinit] WARN  o.s.h.c.j.Jackson2ObjectMapperBuilder -For Jackson Kotlin classes support please add "com.fasterxml.jackson.module:jackson-module-kotlin" to the classpath
2026-06-10 16:19:35.581 [restartedMain] INFO  o.s.d.r.c.RepositoryConfigurationDelegate -Multiple Spring Data modules found, entering strict repository configuration mode!
2026-06-10 16:19:35.583 [restartedMain] INFO  o.s.d.r.c.RepositoryConfigurationDelegate -Bootstrapping Spring Data JDBC repositories in DEFAULT mode.
2026-06-10 16:19:35.604 [restartedMain] INFO  o.s.d.r.c.RepositoryConfigurationDelegate -Finished Spring Data repository scanning in 16ms. Found 0 JDBC repository interfaces.
2026-06-10 16:19:35.640 [restartedMain] INFO  o.s.d.r.c.RepositoryConfigurationDelegate -Multiple Spring Data modules found, entering strict repository configuration mode!
2026-06-10 16:19:35.642 [restartedMain] INFO  o.s.d.r.c.RepositoryConfigurationDelegate -Bootstrapping Spring Data Redis repositories in DEFAULT mode.
2026-06-10 16:19:35.660 [restartedMain] INFO  o.s.d.r.c.RepositoryConfigurationDelegate -Finished Spring Data repository scanning in 6ms. Found 0 Redis repository interfaces.
2026-06-10 16:19:35.935 [restartedMain] WARN  o.m.s.mapper.ClassPathMapperScanner -No MyBatis mapper was found in '[cn.sl.ehub.upstream]' package. Please check your configuration.
2026-06-10 16:19:36.830 [restartedMain] INFO  o.s.b.w.e.tomcat.TomcatWebServer -Tomcat initialized with port(s): 8088 (http)
2026-06-10 16:19:36.852 [restartedMain] INFO  o.a.coyote.http11.Http11NioProtocol -Initializing ProtocolHandler ["http-nio-8088"]
2026-06-10 16:19:36.872 [restartedMain] INFO  o.a.catalina.core.StandardService -Starting service [Tomcat]
2026-06-10 16:19:36.873 [restartedMain] INFO  o.a.catalina.core.StandardEngine -Starting Servlet engine: [Apache Tomcat/9.0.38]
2026-06-10 16:19:36.954 [restartedMain] INFO  o.a.c.c.C.[Tomcat].[localhost].[/] -Initializing Spring embedded WebApplicationContext
2026-06-10 16:19:36.955 [restartedMain] INFO  o.s.b.w.s.c.ServletWebServerApplicationContext -Root WebApplicationContext: initialization completed in 2749 ms
2026-06-10 16:19:37.230 [restartedMain] INFO  cn.sl.ehub.upstream.config.SSLConfig -==========trustStore处理成功
2026-06-10 16:19:37.521 [restartedMain] INFO  cn.sl.ehub.upstream.config.SSLConfig -=========keyStore处理成功
2026-06-10 16:19:37.883 [restartedMain] WARN  o.s.b.w.s.c.AnnotationConfigServletWebServerApplicationContext -Exception encountered during context initialization - cancelling refresh attempt: org.springframework.beans.factory.BeanCreationException: Error creating bean with name 'deliveryController': Injection of resource dependencies failed; nested exception is org.springframework.beans.factory.BeanCreationException: Error creating bean with name 'deliveryService': Injection of resource dependencies failed; nested exception is org.springframework.beans.factory.BeanCreationException: Error creating bean with name 'totalDeliveryLogService': Injection of resource dependencies failed; nested exception is org.springframework.beans.factory.UnsatisfiedDependencyException: Error creating bean with name 'totalDeliveryLogMapper' defined in file [/Users/sl/Documents/java/enn/e-hub/e-hub-service/target/classes/cn/sl/ehub/service/mapper/TotalDeliveryLogMapper.class]: Unsatisfied dependency expressed through bean property 'sqlSessionFactory'; nested exception is org.springframework.beans.factory.BeanCreationException: Error creating bean with name 'sqlSessionFactory' defined in class path resource [com/baomidou/mybatisplus/autoconfigure/MybatisPlusAutoConfiguration.class]: Bean instantiation via factory method failed; nested exception is org.springframework.beans.BeanInstantiationException: Failed to instantiate [org.apache.ibatis.session.SqlSessionFactory]: Factory method 'sqlSessionFactory' threw exception; nested exception is org.springframework.core.NestedIOException: Failed to parse mapping resource: 'file [/Users/sl/Documents/java/enn/e-hub/e-hub-service/target/classes/mapper/AggregatorAvgRtChartMapper.xml]'; nested exception is org.apache.ibatis.builder.BuilderException: Error parsing Mapper XML. The XML location is 'file [/Users/sl/Documents/java/enn/e-hub/e-hub-service/target/classes/mapper/AggregatorAvgRtChartMapper.xml]'. Cause: org.apache.ibatis.builder.BuilderException: Error resolving class. Cause: org.apache.ibatis.type.TypeException: Could not resolve type alias 'cn.sl.ehub.upstream.vo.AggregatorAvgRtChart'.  Cause: java.lang.ClassNotFoundException: Cannot find class: cn.sl.ehub.upstream.vo.AggregatorAvgRtChart
2026-06-10 16:19:37.889 [restartedMain] INFO  o.a.catalina.core.StandardService -Stopping service [Tomcat]
2026-06-10 16:19:37.904 [restartedMain] INFO  o.s.b.a.l.ConditionEvaluationReportLoggingListener -

Error starting ApplicationContext. To display the conditions report re-run your application with 'debug' enabled.
2026-06-10 16:19:37.912 [restartedMain] ERROR o.s.boot.SpringApplication -Application run failed
org.springframework.beans.factory.BeanCreationException: Error creating bean with name 'deliveryController': Injection of resource dependencies failed; nested exception is org.springframework.beans.factory.BeanCreationException: Error creating bean with name 'deliveryService': Injection of resource dependencies failed; nested exception is org.springframework.beans.factory.BeanCreationException: Error creating bean with name 'totalDeliveryLogService': Injection of resource dependencies failed; nested exception is org.springframework.beans.factory.UnsatisfiedDependencyException: Error creating bean with name 'totalDeliveryLogMapper' defined in file [/Users/sl/Documents/java/enn/e-hub/e-hub-service/target/classes/cn/sl/ehub/service/mapper/TotalDeliveryLogMapper.class]: Unsatisfied dependency expressed through bean property 'sqlSessionFactory'; nested exception is org.springframework.beans.factory.BeanCreationException: Error creating bean with name 'sqlSessionFactory' defined in class path resource [com/baomidou/mybatisplus/autoconfigure/MybatisPlusAutoConfiguration.class]: Bean instantiation via factory method failed; nested exception is org.springframework.beans.BeanInstantiationException: Failed to instantiate [org.apache.ibatis.session.SqlSessionFactory]: Factory method 'sqlSessionFactory' threw exception; nested exception is org.springframework.core.NestedIOException: Failed to parse mapping resource: 'file [/Users/sl/Documents/java/enn/e-hub/e-hub-service/target/classes/mapper/AggregatorAvgRtChartMapper.xml]'; nested exception is org.apache.ibatis.builder.BuilderException: Error parsing Mapper XML. The XML location is 'file [/Users/sl/Documents/java/enn/e-hub/e-hub-service/target/classes/mapper/AggregatorAvgRtChartMapper.xml]'. Cause: org.apache.ibatis.builder.BuilderException: Error resolving class. Cause: org.apache.ibatis.type.TypeException: Could not resolve type alias 'cn.sl.ehub.upstream.vo.AggregatorAvgRtChart'.  Cause: java.lang.ClassNotFoundException: Cannot find class: cn.sl.ehub.upstream.vo.AggregatorAvgRtChart
	at org.springframework.context.annotation.CommonAnnotationBeanPostProcessor.postProcessProperties(CommonAnnotationBeanPostProcessor.java:321)
	at org.springframework.beans.factory.support.AbstractAutowireCapableBeanFactory.populateBean(AbstractAutowireCapableBeanFactory.java:1425)
	at org.springframework.beans.factory.support.AbstractAutowireCapableBeanFactory.doCreateBean(AbstractAutowireCapableBeanFactory.java:593)
	at org.springframework.beans.factory.support.AbstractAutowireCapableBeanFactory.createBean(AbstractAutowireCapableBeanFactory.java:516)
	at org.springframework.beans.factory.support.AbstractBeanFactory.lambda$doGetBean$0(AbstractBeanFactory.java:324)
	at org.springframework.beans.factory.support.DefaultSingletonBeanRegistry.getSingleton(DefaultSingletonBeanRegistry.java:234)
	at org.springframework.beans.factory.support.AbstractBeanFactory.doGetBean(AbstractBeanFactory.java:322)
	at org.springframework.beans.factory.support.AbstractBeanFactory.getBean(AbstractBeanFactory.java:202)
	at org.springframework.beans.factory.support.DefaultListableBeanFactory.preInstantiateSingletons(DefaultListableBeanFactory.java:897)
	at org.springframework.context.support.AbstractApplicationContext.finishBeanFactoryInitialization(AbstractApplicationContext.java:879)
	at org.springframework.context.support.AbstractApplicationContext.refresh(AbstractApplicationContext.java:551)
	at org.springframework.boot.web.servlet.context.ServletWebServerApplicationContext.refresh(ServletWebServerApplicationContext.java:143)
	at org.springframework.boot.SpringApplication.refresh(SpringApplication.java:758)
	at org.springframework.boot.SpringApplication.refresh(SpringApplication.java:750)
	at org.springframework.boot.SpringApplication.refreshContext(SpringApplication.java:397)
	at org.springframework.boot.SpringApplication.run(SpringApplication.java:315)
	at org.springframework.boot.SpringApplication.run(SpringApplication.java:1237)
	at org.springframework.boot.SpringApplication.run(SpringApplication.java:1226)
	at cn.sl.ehub.upstream.EHubUpstreamApplication.main(EHubUpstreamApplication.java:23)
	at sun.reflect.NativeMethodAccessorImpl.invoke0(Native Method)
	at sun.reflect.NativeMethodAccessorImpl.invoke(NativeMethodAccessorImpl.java:62)
	at sun.reflect.DelegatingMethodAccessorImpl.invoke(DelegatingMethodAccessorImpl.java:43)
	at java.lang.reflect.Method.invoke(Method.java:498)
	at org.springframework.boot.devtools.restart.RestartLauncher.run(RestartLauncher.java:49)
Caused by: org.springframework.beans.factory.BeanCreationException: Error creating bean with name 'deliveryService': Injection of resource dependencies failed; nested exception is org.springframework.beans.factory.BeanCreationException: Error creating bean with name 'totalDeliveryLogService': Injection of resource dependencies failed; nested exception is org.springframework.beans.factory.UnsatisfiedDependencyException: Error creating bean with name 'totalDeliveryLogMapper' defined in file [/Users/sl/Documents/java/enn/e-hub/e-hub-service/target/classes/cn/sl/ehub/service/mapper/TotalDeliveryLogMapper.class]: Unsatisfied dependency expressed through bean property 'sqlSessionFactory'; nested exception is org.springframework.beans.factory.BeanCreationException: Error creating bean with name 'sqlSessionFactory' defined in class path resource [com/baomidou/mybatisplus/autoconfigure/MybatisPlusAutoConfiguration.class]: Bean instantiation via factory method failed; nested exception is org.springframework.beans.BeanInstantiationException: Failed to instantiate [org.apache.ibatis.session.SqlSessionFactory]: Factory method 'sqlSessionFactory' threw exception; nested exception is org.springframework.core.NestedIOException: Failed to parse mapping resource: 'file [/Users/sl/Documents/java/enn/e-hub/e-hub-service/target/classes/mapper/AggregatorAvgRtChartMapper.xml]'; nested exception is org.apache.ibatis.builder.BuilderException: Error parsing Mapper XML. The XML location is 'file [/Users/sl/Documents/java/enn/e-hub/e-hub-service/target/classes/mapper/AggregatorAvgRtChartMapper.xml]'. Cause: org.apache.ibatis.builder.BuilderException: Error resolving class. Cause: org.apache.ibatis.type.TypeException: Could not resolve type alias 'cn.sl.ehub.upstream.vo.AggregatorAvgRtChart'.  Cause: java.lang.ClassNotFoundException: Cannot find class: cn.sl.ehub.upstream.vo.AggregatorAvgRtChart
	at org.springframework.context.annotation.CommonAnnotationBeanPostProcessor.postProcessProperties(CommonAnnotationBeanPostProcessor.java:321)
	at org.springframework.beans.factory.support.AbstractAutowireCapableBeanFactory.populateBean(AbstractAutowireCapableBeanFactory.java:1425)
	at org.springframework.beans.factory.support.AbstractAutowireCapableBeanFactory.doCreateBean(AbstractAutowireCapableBeanFactory.java:593)
	at org.springframework.beans.factory.support.AbstractAutowireCapableBeanFactory.createBean(AbstractAutowireCapableBeanFactory.java:516)
	at org.springframework.beans.factory.support.AbstractBeanFactory.lambda$doGetBean$0(AbstractBeanFactory.java:324)
	at org.springframework.beans.factory.support.DefaultSingletonBeanRegistry.getSingleton(DefaultSingletonBeanRegistry.java:234)
	at org.springframework.beans.factory.support.AbstractBeanFactory.doGetBean(AbstractBeanFactory.java:322)
	at org.springframework.beans.factory.support.AbstractBeanFactory.getBean(AbstractBeanFactory.java:207)
	at org.springframework.beans.factory.support.AbstractAutowireCapableBeanFactory.resolveBeanByName(AbstractAutowireCapableBeanFactory.java:453)
	at org.springframework.context.annotation.CommonAnnotationBeanPostProcessor.autowireResource(CommonAnnotationBeanPostProcessor.java:527)
	at org.springframework.context.annotation.CommonAnnotationBeanPostProcessor.getResource(CommonAnnotationBeanPostProcessor.java:497)
	at org.springframework.context.annotation.CommonAnnotationBeanPostProcessor$ResourceElement.getResourceToInject(CommonAnnotationBeanPostProcessor.java:650)
	at org.springframework.beans.factory.annotation.InjectionMetadata$InjectedElement.inject(InjectionMetadata.java:228)
	at org.springframework.beans.factory.annotation.InjectionMetadata.inject(InjectionMetadata.java:119)
	at org.springframework.context.annotation.CommonAnnotationBeanPostProcessor.postProcessProperties(CommonAnnotationBeanPostProcessor.java:318)
	... 23 common frames omitted
Caused by: org.springframework.beans.factory.BeanCreationException: Error creating bean with name 'totalDeliveryLogService': Injection of resource dependencies failed; nested exception is org.springframework.beans.factory.UnsatisfiedDependencyException: Error creating bean with name 'totalDeliveryLogMapper' defined in file [/Users/sl/Documents/java/enn/e-hub/e-hub-service/target/classes/cn/sl/ehub/service/mapper/TotalDeliveryLogMapper.class]: Unsatisfied dependency expressed through bean property 'sqlSessionFactory'; nested exception is org.springframework.beans.factory.BeanCreationException: Error creating bean with name 'sqlSessionFactory' defined in class path resource [com/baomidou/mybatisplus/autoconfigure/MybatisPlusAutoConfiguration.class]: Bean instantiation via factory method failed; nested exception is org.springframework.beans.BeanInstantiationException: Failed to instantiate [org.apache.ibatis.session.SqlSessionFactory]: Factory method 'sqlSessionFactory' threw exception; nested exception is org.springframework.core.NestedIOException: Failed to parse mapping resource: 'file [/Users/sl/Documents/java/enn/e-hub/e-hub-service/target/classes/mapper/AggregatorAvgRtChartMapper.xml]'; nested exception is org.apache.ibatis.builder.BuilderException: Error parsing Mapper XML. The XML location is 'file [/Users/sl/Documents/java/enn/e-hub/e-hub-service/target/classes/mapper/AggregatorAvgRtChartMapper.xml]'. Cause: org.apache.ibatis.builder.BuilderException: Error resolving class. Cause: org.apache.ibatis.type.TypeException: Could not resolve type alias 'cn.sl.ehub.upstream.vo.AggregatorAvgRtChart'.  Cause: java.lang.ClassNotFoundException: Cannot find class: cn.sl.ehub.upstream.vo.AggregatorAvgRtChart
	at org.springframework.context.annotation.CommonAnnotationBeanPostProcessor.postProcessProperties(CommonAnnotationBeanPostProcessor.java:321)
	at org.springframework.beans.factory.support.AbstractAutowireCapableBeanFactory.populateBean(AbstractAutowireCapableBeanFactory.java:1425)
	at org.springframework.beans.factory.support.AbstractAutowireCapableBeanFactory.doCreateBean(AbstractAutowireCapableBeanFactory.java:593)
	at org.springframework.beans.factory.support.AbstractAutowireCapableBeanFactory.createBean(AbstractAutowireCapableBeanFactory.java:516)
	at org.springframework.beans.factory.support.AbstractBeanFactory.lambda$doGetBean$0(AbstractBeanFactory.java:324)
	at org.springframework.beans.factory.support.DefaultSingletonBeanRegistry.getSingleton(DefaultSingletonBeanRegistry.java:234)
	at org.springframework.beans.factory.support.AbstractBeanFactory.doGetBean(AbstractBeanFactory.java:322)
	at org.springframework.beans.factory.support.AbstractBeanFactory.getBean(AbstractBeanFactory.java:207)
	at org.springframework.beans.factory.support.AbstractAutowireCapableBeanFactory.resolveBeanByName(AbstractAutowireCapableBeanFactory.java:453)
	at org.springframework.context.annotation.CommonAnnotationBeanPostProcessor.autowireResource(CommonAnnotationBeanPostProcessor.java:527)
	at org.springframework.context.annotation.CommonAnnotationBeanPostProcessor.getResource(CommonAnnotationBeanPostProcessor.java:497)
	at org.springframework.context.annotation.CommonAnnotationBeanPostProcessor$ResourceElement.getResourceToInject(CommonAnnotationBeanPostProcessor.java:650)
	at org.springframework.beans.factory.annotation.InjectionMetadata$InjectedElement.inject(InjectionMetadata.java:228)
	at org.springframework.beans.factory.annotation.InjectionMetadata.inject(InjectionMetadata.java:119)
	at org.springframework.context.annotation.CommonAnnotationBeanPostProcessor.postProcessProperties(CommonAnnotationBeanPostProcessor.java:318)
	... 37 common frames omitted
Caused by: org.springframework.beans.factory.UnsatisfiedDependencyException: Error creating bean with name 'totalDeliveryLogMapper' defined in file [/Users/sl/Documents/java/enn/e-hub/e-hub-service/target/classes/cn/sl/ehub/service/mapper/TotalDeliveryLogMapper.class]: Unsatisfied dependency expressed through bean property 'sqlSessionFactory'; nested exception is org.springframework.beans.factory.BeanCreationException: Error creating bean with name 'sqlSessionFactory' defined in class path resource [com/baomidou/mybatisplus/autoconfigure/MybatisPlusAutoConfiguration.class]: Bean instantiation via factory method failed; nested exception is org.springframework.beans.BeanInstantiationException: Failed to instantiate [org.apache.ibatis.session.SqlSessionFactory]: Factory method 'sqlSessionFactory' threw exception; nested exception is org.springframework.core.NestedIOException: Failed to parse mapping resource: 'file [/Users/sl/Documents/java/enn/e-hub/e-hub-service/target/classes/mapper/AggregatorAvgRtChartMapper.xml]'; nested exception is org.apache.ibatis.builder.BuilderException: Error parsing Mapper XML. The XML location is 'file [/Users/sl/Documents/java/enn/e-hub/e-hub-service/target/classes/mapper/AggregatorAvgRtChartMapper.xml]'. Cause: org.apache.ibatis.builder.BuilderException: Error resolving class. Cause: org.apache.ibatis.type.TypeException: Could not resolve type alias 'cn.sl.ehub.upstream.vo.AggregatorAvgRtChart'.  Cause: java.lang.ClassNotFoundException: Cannot find class: cn.sl.ehub.upstream.vo.AggregatorAvgRtChart
	at org.springframework.beans.factory.support.AbstractAutowireCapableBeanFactory.autowireByType(AbstractAutowireCapableBeanFactory.java:1529)
	at org.springframework.beans.factory.support.AbstractAutowireCapableBeanFactory.populateBean(AbstractAutowireCapableBeanFactory.java:1409)
	at org.springframework.beans.factory.support.AbstractAutowireCapableBeanFactory.doCreateBean(AbstractAutowireCapableBeanFactory.java:593)
	at org.springframework.beans.factory.support.AbstractAutowireCapableBeanFactory.createBean(AbstractAutowireCapableBeanFactory.java:516)
	at org.springframework.beans.factory.support.AbstractBeanFactory.lambda$doGetBean$0(AbstractBeanFactory.java:324)
	at org.springframework.beans.factory.support.DefaultSingletonBeanRegistry.getSingleton(DefaultSingletonBeanRegistry.java:234)
	at org.springframework.beans.factory.support.AbstractBeanFactory.doGetBean(AbstractBeanFactory.java:322)
	at org.springframework.beans.factory.support.AbstractBeanFactory.getBean(AbstractBeanFactory.java:207)
	at org.springframework.beans.factory.support.AbstractAutowireCapableBeanFactory.resolveBeanByName(AbstractAutowireCapableBeanFactory.java:453)
	at org.springframework.context.annotation.CommonAnnotationBeanPostProcessor.autowireResource(CommonAnnotationBeanPostProcessor.java:527)
	at org.springframework.context.annotation.CommonAnnotationBeanPostProcessor.getResource(CommonAnnotationBeanPostProcessor.java:497)
	at org.springframework.context.annotation.CommonAnnotationBeanPostProcessor$ResourceElement.getResourceToInject(CommonAnnotationBeanPostProcessor.java:650)
	at org.springframework.beans.factory.annotation.InjectionMetadata$InjectedElement.inject(InjectionMetadata.java:228)
	at org.springframework.beans.factory.annotation.InjectionMetadata.inject(InjectionMetadata.java:119)
	at org.springframework.context.annotation.CommonAnnotationBeanPostProcessor.postProcessProperties(CommonAnnotationBeanPostProcessor.java:318)
	... 51 common frames omitted
Caused by: org.springframework.beans.factory.BeanCreationException: Error creating bean with name 'sqlSessionFactory' defined in class path resource [com/baomidou/mybatisplus/autoconfigure/MybatisPlusAutoConfiguration.class]: Bean instantiation via factory method failed; nested exception is org.springframework.beans.BeanInstantiationException: Failed to instantiate [org.apache.ibatis.session.SqlSessionFactory]: Factory method 'sqlSessionFactory' threw exception; nested exception is org.springframework.core.NestedIOException: Failed to parse mapping resource: 'file [/Users/sl/Documents/java/enn/e-hub/e-hub-service/target/classes/mapper/AggregatorAvgRtChartMapper.xml]'; nested exception is org.apache.ibatis.builder.BuilderException: Error parsing Mapper XML. The XML location is 'file [/Users/sl/Documents/java/enn/e-hub/e-hub-service/target/classes/mapper/AggregatorAvgRtChartMapper.xml]'. Cause: org.apache.ibatis.builder.BuilderException: Error resolving class. Cause: org.apache.ibatis.type.TypeException: Could not resolve type alias 'cn.sl.ehub.upstream.vo.AggregatorAvgRtChart'.  Cause: java.lang.ClassNotFoundException: Cannot find class: cn.sl.ehub.upstream.vo.AggregatorAvgRtChart
	at org.springframework.beans.factory.support.ConstructorResolver.instantiate(ConstructorResolver.java:657)
	at org.springframework.beans.factory.support.ConstructorResolver.instantiateUsingFactoryMethod(ConstructorResolver.java:637)
	at org.springframework.beans.factory.support.AbstractAutowireCapableBeanFactory.instantiateUsingFactoryMethod(AbstractAutowireCapableBeanFactory.java:1341)
	at org.springframework.beans.factory.support.AbstractAutowireCapableBeanFactory.createBeanInstance(AbstractAutowireCapableBeanFactory.java:1181)
	at org.springframework.beans.factory.support.AbstractAutowireCapableBeanFactory.doCreateBean(AbstractAutowireCapableBeanFactory.java:556)
	at org.springframework.beans.factory.support.AbstractAutowireCapableBeanFactory.createBean(AbstractAutowireCapableBeanFactory.java:516)
	at org.springframework.beans.factory.support.AbstractBeanFactory.lambda$doGetBean$0(AbstractBeanFactory.java:324)
	at org.springframework.beans.factory.support.DefaultSingletonBeanRegistry.getSingleton(DefaultSingletonBeanRegistry.java:234)
	at org.springframework.beans.factory.support.AbstractBeanFactory.doGetBean(AbstractBeanFactory.java:322)
	at org.springframework.beans.factory.support.AbstractBeanFactory.getBean(AbstractBeanFactory.java:202)
	at org.springframework.beans.factory.config.DependencyDescriptor.resolveCandidate(DependencyDescriptor.java:276)
	at org.springframework.beans.factory.support.DefaultListableBeanFactory.doResolveDependency(DefaultListableBeanFactory.java:1307)
	at org.springframework.beans.factory.support.DefaultListableBeanFactory.resolveDependency(DefaultListableBeanFactory.java:1227)
	at org.springframework.beans.factory.support.AbstractAutowireCapableBeanFactory.autowireByType(AbstractAutowireCapableBeanFactory.java:1514)
	... 65 common frames omitted
Caused by: org.springframework.beans.BeanInstantiationException: Failed to instantiate [org.apache.ibatis.session.SqlSessionFactory]: Factory method 'sqlSessionFactory' threw exception; nested exception is org.springframework.core.NestedIOException: Failed to parse mapping resource: 'file [/Users/sl/Documents/java/enn/e-hub/e-hub-service/target/classes/mapper/AggregatorAvgRtChartMapper.xml]'; nested exception is org.apache.ibatis.builder.BuilderException: Error parsing Mapper XML. The XML location is 'file [/Users/sl/Documents/java/enn/e-hub/e-hub-service/target/classes/mapper/AggregatorAvgRtChartMapper.xml]'. Cause: org.apache.ibatis.builder.BuilderException: Error resolving class. Cause: org.apache.ibatis.type.TypeException: Could not resolve type alias 'cn.sl.ehub.upstream.vo.AggregatorAvgRtChart'.  Cause: java.lang.ClassNotFoundException: Cannot find class: cn.sl.ehub.upstream.vo.AggregatorAvgRtChart
	at org.springframework.beans.factory.support.SimpleInstantiationStrategy.instantiate(SimpleInstantiationStrategy.java:185)
	at org.springframework.beans.factory.support.ConstructorResolver.instantiate(ConstructorResolver.java:652)
	... 78 common frames omitted
Caused by: org.springframework.core.NestedIOException: Failed to parse mapping resource: 'file [/Users/sl/Documents/java/enn/e-hub/e-hub-service/target/classes/mapper/AggregatorAvgRtChartMapper.xml]'; nested exception is org.apache.ibatis.builder.BuilderException: Error parsing Mapper XML. The XML location is 'file [/Users/sl/Documents/java/enn/e-hub/e-hub-service/target/classes/mapper/AggregatorAvgRtChartMapper.xml]'. Cause: org.apache.ibatis.builder.BuilderException: Error resolving class. Cause: org.apache.ibatis.type.TypeException: Could not resolve type alias 'cn.sl.ehub.upstream.vo.AggregatorAvgRtChart'.  Cause: java.lang.ClassNotFoundException: Cannot find class: cn.sl.ehub.upstream.vo.AggregatorAvgRtChart
	at com.baomidou.mybatisplus.extension.spring.MybatisSqlSessionFactoryBean.buildSqlSessionFactory(MybatisSqlSessionFactoryBean.java:576)
	at com.baomidou.mybatisplus.extension.spring.MybatisSqlSessionFactoryBean.afterPropertiesSet(MybatisSqlSessionFactoryBean.java:445)
	at com.baomidou.mybatisplus.extension.spring.MybatisSqlSessionFactoryBean.getObject(MybatisSqlSessionFactoryBean.java:609)
	at com.baomidou.mybatisplus.autoconfigure.MybatisPlusAutoConfiguration.sqlSessionFactory(MybatisPlusAutoConfiguration.java:218)
	at sun.reflect.NativeMethodAccessorImpl.invoke0(Native Method)
	at sun.reflect.NativeMethodAccessorImpl.invoke(NativeMethodAccessorImpl.java:62)
	at sun.reflect.DelegatingMethodAccessorImpl.invoke(DelegatingMethodAccessorImpl.java:43)
	at java.lang.reflect.Method.invoke(Method.java:498)
	at org.springframework.beans.factory.support.SimpleInstantiationStrategy.instantiate(SimpleInstantiationStrategy.java:154)
	... 79 common frames omitted
Caused by: org.apache.ibatis.builder.BuilderException: Error parsing Mapper XML. The XML location is 'file [/Users/sl/Documents/java/enn/e-hub/e-hub-service/target/classes/mapper/AggregatorAvgRtChartMapper.xml]'. Cause: org.apache.ibatis.builder.BuilderException: Error resolving class. Cause: org.apache.ibatis.type.TypeException: Could not resolve type alias 'cn.sl.ehub.upstream.vo.AggregatorAvgRtChart'.  Cause: java.lang.ClassNotFoundException: Cannot find class: cn.sl.ehub.upstream.vo.AggregatorAvgRtChart
	at org.apache.ibatis.builder.xml.XMLMapperBuilder.configurationElement(XMLMapperBuilder.java:123)
	at org.apache.ibatis.builder.xml.XMLMapperBuilder.parse(XMLMapperBuilder.java:95)
	at com.baomidou.mybatisplus.extension.spring.MybatisSqlSessionFactoryBean.buildSqlSessionFactory(MybatisSqlSessionFactoryBean.java:574)
	... 87 common frames omitted
Caused by: org.apache.ibatis.builder.BuilderException: Error resolving class. Cause: org.apache.ibatis.type.TypeException: Could not resolve type alias 'cn.sl.ehub.upstream.vo.AggregatorAvgRtChart'.  Cause: java.lang.ClassNotFoundException: Cannot find class: cn.sl.ehub.upstream.vo.AggregatorAvgRtChart
	at org.apache.ibatis.builder.BaseBuilder.resolveClass(BaseBuilder.java:118)
	at org.apache.ibatis.builder.xml.XMLMapperBuilder.resultMapElement(XMLMapperBuilder.java:263)
	at org.apache.ibatis.builder.xml.XMLMapperBuilder.resultMapElement(XMLMapperBuilder.java:254)
	at org.apache.ibatis.builder.xml.XMLMapperBuilder.resultMapElements(XMLMapperBuilder.java:246)
	at org.apache.ibatis.builder.xml.XMLMapperBuilder.configurationElement(XMLMapperBuilder.java:119)
	... 89 common frames omitted
Caused by: org.apache.ibatis.type.TypeException: Could not resolve type alias 'cn.sl.ehub.upstream.vo.AggregatorAvgRtChart'.  Cause: java.lang.ClassNotFoundException: Cannot find class: cn.sl.ehub.upstream.vo.AggregatorAvgRtChart
	at org.apache.ibatis.type.TypeAliasRegistry.resolveAlias(TypeAliasRegistry.java:120)
	at org.apache.ibatis.builder.BaseBuilder.resolveAlias(BaseBuilder.java:149)
	at org.apache.ibatis.builder.BaseBuilder.resolveClass(BaseBuilder.java:116)
	... 93 common frames omitted
Caused by: java.lang.ClassNotFoundException: Cannot find class: cn.sl.ehub.upstream.vo.AggregatorAvgRtChart
	at org.apache.ibatis.io.ClassLoaderWrapper.classForName(ClassLoaderWrapper.java:196)
	at org.apache.ibatis.io.ClassLoaderWrapper.classForName(ClassLoaderWrapper.java:89)
	at org.apache.ibatis.io.Resources.classForName(Resources.java:261)
	at org.apache.ibatis.type.TypeAliasRegistry.resolveAlias(TypeAliasRegistry.java:116)
	... 95 common frames omitted
2026-06-10 16:20:10.327 [background-preinit] INFO  o.h.validator.internal.util.Version -HV000001: Hibernate Validator 6.1.5.Final
2026-06-10 16:20:10.365 [restartedMain] INFO  c.s.e.u.EHubUpstreamApplication -Starting EHubUpstreamApplication on MacBook-Pro-9.local with PID 85610 (/Users/sl/Documents/java/enn/e-hub/e-hub-upstream/target/classes started by sl in /Users/sl/Documents/java/enn/e-hub)
2026-06-10 16:20:10.365 [restartedMain] INFO  c.s.e.u.EHubUpstreamApplication -The following profiles are active: dev
2026-06-10 16:20:10.428 [restartedMain] INFO  o.s.b.d.e.DevToolsPropertyDefaultsPostProcessor -Devtools property defaults active! Set 'spring.devtools.add-properties' to 'false' to disable
2026-06-10 16:20:10.429 [restartedMain] INFO  o.s.b.d.e.DevToolsPropertyDefaultsPostProcessor -For additional web related logging consider setting the 'logging.level.web' property to 'DEBUG'
2026-06-10 16:20:10.707 [background-preinit] WARN  o.s.h.c.j.Jackson2ObjectMapperBuilder -For Jackson Kotlin classes support please add "com.fasterxml.jackson.module:jackson-module-kotlin" to the classpath
2026-06-10 16:20:11.737 [restartedMain] INFO  o.s.d.r.c.RepositoryConfigurationDelegate -Multiple Spring Data modules found, entering strict repository configuration mode!
2026-06-10 16:20:11.738 [restartedMain] INFO  o.s.d.r.c.RepositoryConfigurationDelegate -Bootstrapping Spring Data JDBC repositories in DEFAULT mode.
2026-06-10 16:20:11.760 [restartedMain] INFO  o.s.d.r.c.RepositoryConfigurationDelegate -Finished Spring Data repository scanning in 17ms. Found 0 JDBC repository interfaces.
2026-06-10 16:20:11.798 [restartedMain] INFO  o.s.d.r.c.RepositoryConfigurationDelegate -Multiple Spring Data modules found, entering strict repository configuration mode!
2026-06-10 16:20:11.801 [restartedMain] INFO  o.s.d.r.c.RepositoryConfigurationDelegate -Bootstrapping Spring Data Redis repositories in DEFAULT mode.
2026-06-10 16:20:11.823 [restartedMain] INFO  o.s.d.r.c.RepositoryConfigurationDelegate -Finished Spring Data repository scanning in 8ms. Found 0 Redis repository interfaces.
2026-06-10 16:20:12.090 [restartedMain] WARN  o.m.s.mapper.ClassPathMapperScanner -No MyBatis mapper was found in '[cn.sl.ehub.upstream]' package. Please check your configuration.
2026-06-10 16:20:12.905 [restartedMain] INFO  o.s.b.w.e.tomcat.TomcatWebServer -Tomcat initialized with port(s): 8088 (http)
2026-06-10 16:20:12.920 [restartedMain] INFO  o.a.coyote.http11.Http11NioProtocol -Initializing ProtocolHandler ["http-nio-8088"]
2026-06-10 16:20:12.921 [restartedMain] INFO  o.a.catalina.core.StandardService -Starting service [Tomcat]
2026-06-10 16:20:12.921 [restartedMain] INFO  o.a.catalina.core.StandardEngine -Starting Servlet engine: [Apache Tomcat/9.0.38]
2026-06-10 16:20:13.014 [restartedMain] INFO  o.a.c.c.C.[Tomcat].[localhost].[/] -Initializing Spring embedded WebApplicationContext
2026-06-10 16:20:13.014 [restartedMain] INFO  o.s.b.w.s.c.ServletWebServerApplicationContext -Root WebApplicationContext: initialization completed in 2585 ms
2026-06-10 16:20:13.288 [restartedMain] INFO  cn.sl.ehub.upstream.config.SSLConfig -==========trustStore处理成功
2026-06-10 16:20:13.713 [restartedMain] INFO  cn.sl.ehub.upstream.config.SSLConfig -=========keyStore处理成功
2026-06-10 16:20:14.087 [restartedMain] WARN  o.s.b.w.s.c.AnnotationConfigServletWebServerApplicationContext -Exception encountered during context initialization - cancelling refresh attempt: org.springframework.beans.factory.BeanCreationException: Error creating bean with name 'deliveryController': Injection of resource dependencies failed; nested exception is org.springframework.beans.factory.BeanCreationException: Error creating bean with name 'deliveryService': Injection of resource dependencies failed; nested exception is org.springframework.beans.factory.BeanCreationException: Error creating bean with name 'totalDeliveryLogService': Injection of resource dependencies failed; nested exception is org.springframework.beans.factory.UnsatisfiedDependencyException: Error creating bean with name 'totalDeliveryLogMapper' defined in file [/Users/sl/Documents/java/enn/e-hub/e-hub-service/target/classes/cn/sl/ehub/service/mapper/TotalDeliveryLogMapper.class]: Unsatisfied dependency expressed through bean property 'sqlSessionFactory'; nested exception is org.springframework.beans.factory.BeanCreationException: Error creating bean with name 'sqlSessionFactory' defined in class path resource [com/baomidou/mybatisplus/autoconfigure/MybatisPlusAutoConfiguration.class]: Bean instantiation via factory method failed; nested exception is org.springframework.beans.BeanInstantiationException: Failed to instantiate [org.apache.ibatis.session.SqlSessionFactory]: Factory method 'sqlSessionFactory' threw exception; nested exception is org.springframework.core.NestedIOException: Failed to parse mapping resource: 'file [/Users/sl/Documents/java/enn/e-hub/e-hub-service/target/classes/mapper/AggregatorAvgRtChartMapper.xml]'; nested exception is org.apache.ibatis.builder.BuilderException: Error parsing Mapper XML. The XML location is 'file [/Users/sl/Documents/java/enn/e-hub/e-hub-service/target/classes/mapper/AggregatorAvgRtChartMapper.xml]'. Cause: org.apache.ibatis.builder.BuilderException: Error resolving class. Cause: org.apache.ibatis.type.TypeException: Could not resolve type alias 'cn.sl.ehub.upstream.vo.AggregatorAvgRtChart'.  Cause: java.lang.ClassNotFoundException: Cannot find class: cn.sl.ehub.upstream.vo.AggregatorAvgRtChart
2026-06-10 16:20:14.091 [restartedMain] INFO  o.a.catalina.core.StandardService -Stopping service [Tomcat]
2026-06-10 16:20:14.106 [restartedMain] INFO  o.s.b.a.l.ConditionEvaluationReportLoggingListener -

Error starting ApplicationContext. To display the conditions report re-run your application with 'debug' enabled.
2026-06-10 16:20:14.112 [restartedMain] ERROR o.s.boot.SpringApplication -Application run failed
org.springframework.beans.factory.BeanCreationException: Error creating bean with name 'deliveryController': Injection of resource dependencies failed; nested exception is org.springframework.beans.factory.BeanCreationException: Error creating bean with name 'deliveryService': Injection of resource dependencies failed; nested exception is org.springframework.beans.factory.BeanCreationException: Error creating bean with name 'totalDeliveryLogService': Injection of resource dependencies failed; nested exception is org.springframework.beans.factory.UnsatisfiedDependencyException: Error creating bean with name 'totalDeliveryLogMapper' defined in file [/Users/sl/Documents/java/enn/e-hub/e-hub-service/target/classes/cn/sl/ehub/service/mapper/TotalDeliveryLogMapper.class]: Unsatisfied dependency expressed through bean property 'sqlSessionFactory'; nested exception is org.springframework.beans.factory.BeanCreationException: Error creating bean with name 'sqlSessionFactory' defined in class path resource [com/baomidou/mybatisplus/autoconfigure/MybatisPlusAutoConfiguration.class]: Bean instantiation via factory method failed; nested exception is org.springframework.beans.BeanInstantiationException: Failed to instantiate [org.apache.ibatis.session.SqlSessionFactory]: Factory method 'sqlSessionFactory' threw exception; nested exception is org.springframework.core.NestedIOException: Failed to parse mapping resource: 'file [/Users/sl/Documents/java/enn/e-hub/e-hub-service/target/classes/mapper/AggregatorAvgRtChartMapper.xml]'; nested exception is org.apache.ibatis.builder.BuilderException: Error parsing Mapper XML. The XML location is 'file [/Users/sl/Documents/java/enn/e-hub/e-hub-service/target/classes/mapper/AggregatorAvgRtChartMapper.xml]'. Cause: org.apache.ibatis.builder.BuilderException: Error resolving class. Cause: org.apache.ibatis.type.TypeException: Could not resolve type alias 'cn.sl.ehub.upstream.vo.AggregatorAvgRtChart'.  Cause: java.lang.ClassNotFoundException: Cannot find class: cn.sl.ehub.upstream.vo.AggregatorAvgRtChart
	at org.springframework.context.annotation.CommonAnnotationBeanPostProcessor.postProcessProperties(CommonAnnotationBeanPostProcessor.java:321)
	at org.springframework.beans.factory.support.AbstractAutowireCapableBeanFactory.populateBean(AbstractAutowireCapableBeanFactory.java:1425)
	at org.springframework.beans.factory.support.AbstractAutowireCapableBeanFactory.doCreateBean(AbstractAutowireCapableBeanFactory.java:593)
	at org.springframework.beans.factory.support.AbstractAutowireCapableBeanFactory.createBean(AbstractAutowireCapableBeanFactory.java:516)
	at org.springframework.beans.factory.support.AbstractBeanFactory.lambda$doGetBean$0(AbstractBeanFactory.java:324)
	at org.springframework.beans.factory.support.DefaultSingletonBeanRegistry.getSingleton(DefaultSingletonBeanRegistry.java:234)
	at org.springframework.beans.factory.support.AbstractBeanFactory.doGetBean(AbstractBeanFactory.java:322)
	at org.springframework.beans.factory.support.AbstractBeanFactory.getBean(AbstractBeanFactory.java:202)
	at org.springframework.beans.factory.support.DefaultListableBeanFactory.preInstantiateSingletons(DefaultListableBeanFactory.java:897)
	at org.springframework.context.support.AbstractApplicationContext.finishBeanFactoryInitialization(AbstractApplicationContext.java:879)
	at org.springframework.context.support.AbstractApplicationContext.refresh(AbstractApplicationContext.java:551)
	at org.springframework.boot.web.servlet.context.ServletWebServerApplicationContext.refresh(ServletWebServerApplicationContext.java:143)
	at org.springframework.boot.SpringApplication.refresh(SpringApplication.java:758)
	at org.springframework.boot.SpringApplication.refresh(SpringApplication.java:750)
	at org.springframework.boot.SpringApplication.refreshContext(SpringApplication.java:397)
	at org.springframework.boot.SpringApplication.run(SpringApplication.java:315)
	at org.springframework.boot.SpringApplication.run(SpringApplication.java:1237)
	at org.springframework.boot.SpringApplication.run(SpringApplication.java:1226)
	at cn.sl.ehub.upstream.EHubUpstreamApplication.main(EHubUpstreamApplication.java:23)
	at sun.reflect.NativeMethodAccessorImpl.invoke0(Native Method)
	at sun.reflect.NativeMethodAccessorImpl.invoke(NativeMethodAccessorImpl.java:62)
	at sun.reflect.DelegatingMethodAccessorImpl.invoke(DelegatingMethodAccessorImpl.java:43)
	at java.lang.reflect.Method.invoke(Method.java:498)
	at org.springframework.boot.devtools.restart.RestartLauncher.run(RestartLauncher.java:49)
Caused by: org.springframework.beans.factory.BeanCreationException: Error creating bean with name 'deliveryService': Injection of resource dependencies failed; nested exception is org.springframework.beans.factory.BeanCreationException: Error creating bean with name 'totalDeliveryLogService': Injection of resource dependencies failed; nested exception is org.springframework.beans.factory.UnsatisfiedDependencyException: Error creating bean with name 'totalDeliveryLogMapper' defined in file [/Users/sl/Documents/java/enn/e-hub/e-hub-service/target/classes/cn/sl/ehub/service/mapper/TotalDeliveryLogMapper.class]: Unsatisfied dependency expressed through bean property 'sqlSessionFactory'; nested exception is org.springframework.beans.factory.BeanCreationException: Error creating bean with name 'sqlSessionFactory' defined in class path resource [com/baomidou/mybatisplus/autoconfigure/MybatisPlusAutoConfiguration.class]: Bean instantiation via factory method failed; nested exception is org.springframework.beans.BeanInstantiationException: Failed to instantiate [org.apache.ibatis.session.SqlSessionFactory]: Factory method 'sqlSessionFactory' threw exception; nested exception is org.springframework.core.NestedIOException: Failed to parse mapping resource: 'file [/Users/sl/Documents/java/enn/e-hub/e-hub-service/target/classes/mapper/AggregatorAvgRtChartMapper.xml]'; nested exception is org.apache.ibatis.builder.BuilderException: Error parsing Mapper XML. The XML location is 'file [/Users/sl/Documents/java/enn/e-hub/e-hub-service/target/classes/mapper/AggregatorAvgRtChartMapper.xml]'. Cause: org.apache.ibatis.builder.BuilderException: Error resolving class. Cause: org.apache.ibatis.type.TypeException: Could not resolve type alias 'cn.sl.ehub.upstream.vo.AggregatorAvgRtChart'.  Cause: java.lang.ClassNotFoundException: Cannot find class: cn.sl.ehub.upstream.vo.AggregatorAvgRtChart
	at org.springframework.context.annotation.CommonAnnotationBeanPostProcessor.postProcessProperties(CommonAnnotationBeanPostProcessor.java:321)
	at org.springframework.beans.factory.support.AbstractAutowireCapableBeanFactory.populateBean(AbstractAutowireCapableBeanFactory.java:1425)
	at org.springframework.beans.factory.support.AbstractAutowireCapableBeanFactory.doCreateBean(AbstractAutowireCapableBeanFactory.java:593)
	at org.springframework.beans.factory.support.AbstractAutowireCapableBeanFactory.createBean(AbstractAutowireCapableBeanFactory.java:516)
	at org.springframework.beans.factory.support.AbstractBeanFactory.lambda$doGetBean$0(AbstractBeanFactory.java:324)
	at org.springframework.beans.factory.support.DefaultSingletonBeanRegistry.getSingleton(DefaultSingletonBeanRegistry.java:234)
	at org.springframework.beans.factory.support.AbstractBeanFactory.doGetBean(AbstractBeanFactory.java:322)
	at org.springframework.beans.factory.support.AbstractBeanFactory.getBean(AbstractBeanFactory.java:207)
	at org.springframework.beans.factory.support.AbstractAutowireCapableBeanFactory.resolveBeanByName(AbstractAutowireCapableBeanFactory.java:453)
	at org.springframework.context.annotation.CommonAnnotationBeanPostProcessor.autowireResource(CommonAnnotationBeanPostProcessor.java:527)
	at org.springframework.context.annotation.CommonAnnotationBeanPostProcessor.getResource(CommonAnnotationBeanPostProcessor.java:497)
	at org.springframework.context.annotation.CommonAnnotationBeanPostProcessor$ResourceElement.getResourceToInject(CommonAnnotationBeanPostProcessor.java:650)
	at org.springframework.beans.factory.annotation.InjectionMetadata$InjectedElement.inject(InjectionMetadata.java:228)
	at org.springframework.beans.factory.annotation.InjectionMetadata.inject(InjectionMetadata.java:119)
	at org.springframework.context.annotation.CommonAnnotationBeanPostProcessor.postProcessProperties(CommonAnnotationBeanPostProcessor.java:318)
	... 23 common frames omitted
Caused by: org.springframework.beans.factory.BeanCreationException: Error creating bean with name 'totalDeliveryLogService': Injection of resource dependencies failed; nested exception is org.springframework.beans.factory.UnsatisfiedDependencyException: Error creating bean with name 'totalDeliveryLogMapper' defined in file [/Users/sl/Documents/java/enn/e-hub/e-hub-service/target/classes/cn/sl/ehub/service/mapper/TotalDeliveryLogMapper.class]: Unsatisfied dependency expressed through bean property 'sqlSessionFactory'; nested exception is org.springframework.beans.factory.BeanCreationException: Error creating bean with name 'sqlSessionFactory' defined in class path resource [com/baomidou/mybatisplus/autoconfigure/MybatisPlusAutoConfiguration.class]: Bean instantiation via factory method failed; nested exception is org.springframework.beans.BeanInstantiationException: Failed to instantiate [org.apache.ibatis.session.SqlSessionFactory]: Factory method 'sqlSessionFactory' threw exception; nested exception is org.springframework.core.NestedIOException: Failed to parse mapping resource: 'file [/Users/sl/Documents/java/enn/e-hub/e-hub-service/target/classes/mapper/AggregatorAvgRtChartMapper.xml]'; nested exception is org.apache.ibatis.builder.BuilderException: Error parsing Mapper XML. The XML location is 'file [/Users/sl/Documents/java/enn/e-hub/e-hub-service/target/classes/mapper/AggregatorAvgRtChartMapper.xml]'. Cause: org.apache.ibatis.builder.BuilderException: Error resolving class. Cause: org.apache.ibatis.type.TypeException: Could not resolve type alias 'cn.sl.ehub.upstream.vo.AggregatorAvgRtChart'.  Cause: java.lang.ClassNotFoundException: Cannot find class: cn.sl.ehub.upstream.vo.AggregatorAvgRtChart
	at org.springframework.context.annotation.CommonAnnotationBeanPostProcessor.postProcessProperties(CommonAnnotationBeanPostProcessor.java:321)
	at org.springframework.beans.factory.support.AbstractAutowireCapableBeanFactory.populateBean(AbstractAutowireCapableBeanFactory.java:1425)
	at org.springframework.beans.factory.support.AbstractAutowireCapableBeanFactory.doCreateBean(AbstractAutowireCapableBeanFactory.java:593)
	at org.springframework.beans.factory.support.AbstractAutowireCapableBeanFactory.createBean(AbstractAutowireCapableBeanFactory.java:516)
	at org.springframework.beans.factory.support.AbstractBeanFactory.lambda$doGetBean$0(AbstractBeanFactory.java:324)
	at org.springframework.beans.factory.support.DefaultSingletonBeanRegistry.getSingleton(DefaultSingletonBeanRegistry.java:234)
	at org.springframework.beans.factory.support.AbstractBeanFactory.doGetBean(AbstractBeanFactory.java:322)
	at org.springframework.beans.factory.support.AbstractBeanFactory.getBean(AbstractBeanFactory.java:207)
	at org.springframework.beans.factory.support.AbstractAutowireCapableBeanFactory.resolveBeanByName(AbstractAutowireCapableBeanFactory.java:453)
	at org.springframework.context.annotation.CommonAnnotationBeanPostProcessor.autowireResource(CommonAnnotationBeanPostProcessor.java:527)
	at org.springframework.context.annotation.CommonAnnotationBeanPostProcessor.getResource(CommonAnnotationBeanPostProcessor.java:497)
	at org.springframework.context.annotation.CommonAnnotationBeanPostProcessor$ResourceElement.getResourceToInject(CommonAnnotationBeanPostProcessor.java:650)
	at org.springframework.beans.factory.annotation.InjectionMetadata$InjectedElement.inject(InjectionMetadata.java:228)
	at org.springframework.beans.factory.annotation.InjectionMetadata.inject(InjectionMetadata.java:119)
	at org.springframework.context.annotation.CommonAnnotationBeanPostProcessor.postProcessProperties(CommonAnnotationBeanPostProcessor.java:318)
	... 37 common frames omitted
Caused by: org.springframework.beans.factory.UnsatisfiedDependencyException: Error creating bean with name 'totalDeliveryLogMapper' defined in file [/Users/sl/Documents/java/enn/e-hub/e-hub-service/target/classes/cn/sl/ehub/service/mapper/TotalDeliveryLogMapper.class]: Unsatisfied dependency expressed through bean property 'sqlSessionFactory'; nested exception is org.springframework.beans.factory.BeanCreationException: Error creating bean with name 'sqlSessionFactory' defined in class path resource [com/baomidou/mybatisplus/autoconfigure/MybatisPlusAutoConfiguration.class]: Bean instantiation via factory method failed; nested exception is org.springframework.beans.BeanInstantiationException: Failed to instantiate [org.apache.ibatis.session.SqlSessionFactory]: Factory method 'sqlSessionFactory' threw exception; nested exception is org.springframework.core.NestedIOException: Failed to parse mapping resource: 'file [/Users/sl/Documents/java/enn/e-hub/e-hub-service/target/classes/mapper/AggregatorAvgRtChartMapper.xml]'; nested exception is org.apache.ibatis.builder.BuilderException: Error parsing Mapper XML. The XML location is 'file [/Users/sl/Documents/java/enn/e-hub/e-hub-service/target/classes/mapper/AggregatorAvgRtChartMapper.xml]'. Cause: org.apache.ibatis.builder.BuilderException: Error resolving class. Cause: org.apache.ibatis.type.TypeException: Could not resolve type alias 'cn.sl.ehub.upstream.vo.AggregatorAvgRtChart'.  Cause: java.lang.ClassNotFoundException: Cannot find class: cn.sl.ehub.upstream.vo.AggregatorAvgRtChart
	at org.springframework.beans.factory.support.AbstractAutowireCapableBeanFactory.autowireByType(AbstractAutowireCapableBeanFactory.java:1529)
	at org.springframework.beans.factory.support.AbstractAutowireCapableBeanFactory.populateBean(AbstractAutowireCapableBeanFactory.java:1409)
	at org.springframework.beans.factory.support.AbstractAutowireCapableBeanFactory.doCreateBean(AbstractAutowireCapableBeanFactory.java:593)
	at org.springframework.beans.factory.support.AbstractAutowireCapableBeanFactory.createBean(AbstractAutowireCapableBeanFactory.java:516)
	at org.springframework.beans.factory.support.AbstractBeanFactory.lambda$doGetBean$0(AbstractBeanFactory.java:324)
	at org.springframework.beans.factory.support.DefaultSingletonBeanRegistry.getSingleton(DefaultSingletonBeanRegistry.java:234)
	at org.springframework.beans.factory.support.AbstractBeanFactory.doGetBean(AbstractBeanFactory.java:322)
	at org.springframework.beans.factory.support.AbstractBeanFactory.getBean(AbstractBeanFactory.java:207)
	at org.springframework.beans.factory.support.AbstractAutowireCapableBeanFactory.resolveBeanByName(AbstractAutowireCapableBeanFactory.java:453)
	at org.springframework.context.annotation.CommonAnnotationBeanPostProcessor.autowireResource(CommonAnnotationBeanPostProcessor.java:527)
	at org.springframework.context.annotation.CommonAnnotationBeanPostProcessor.getResource(CommonAnnotationBeanPostProcessor.java:497)
	at org.springframework.context.annotation.CommonAnnotationBeanPostProcessor$ResourceElement.getResourceToInject(CommonAnnotationBeanPostProcessor.java:650)
	at org.springframework.beans.factory.annotation.InjectionMetadata$InjectedElement.inject(InjectionMetadata.java:228)
	at org.springframework.beans.factory.annotation.InjectionMetadata.inject(InjectionMetadata.java:119)
	at org.springframework.context.annotation.CommonAnnotationBeanPostProcessor.postProcessProperties(CommonAnnotationBeanPostProcessor.java:318)
	... 51 common frames omitted
Caused by: org.springframework.beans.factory.BeanCreationException: Error creating bean with name 'sqlSessionFactory' defined in class path resource [com/baomidou/mybatisplus/autoconfigure/MybatisPlusAutoConfiguration.class]: Bean instantiation via factory method failed; nested exception is org.springframework.beans.BeanInstantiationException: Failed to instantiate [org.apache.ibatis.session.SqlSessionFactory]: Factory method 'sqlSessionFactory' threw exception; nested exception is org.springframework.core.NestedIOException: Failed to parse mapping resource: 'file [/Users/sl/Documents/java/enn/e-hub/e-hub-service/target/classes/mapper/AggregatorAvgRtChartMapper.xml]'; nested exception is org.apache.ibatis.builder.BuilderException: Error parsing Mapper XML. The XML location is 'file [/Users/sl/Documents/java/enn/e-hub/e-hub-service/target/classes/mapper/AggregatorAvgRtChartMapper.xml]'. Cause: org.apache.ibatis.builder.BuilderException: Error resolving class. Cause: org.apache.ibatis.type.TypeException: Could not resolve type alias 'cn.sl.ehub.upstream.vo.AggregatorAvgRtChart'.  Cause: java.lang.ClassNotFoundException: Cannot find class: cn.sl.ehub.upstream.vo.AggregatorAvgRtChart
	at org.springframework.beans.factory.support.ConstructorResolver.instantiate(ConstructorResolver.java:657)
	at org.springframework.beans.factory.support.ConstructorResolver.instantiateUsingFactoryMethod(ConstructorResolver.java:637)
	at org.springframework.beans.factory.support.AbstractAutowireCapableBeanFactory.instantiateUsingFactoryMethod(AbstractAutowireCapableBeanFactory.java:1341)
	at org.springframework.beans.factory.support.AbstractAutowireCapableBeanFactory.createBeanInstance(AbstractAutowireCapableBeanFactory.java:1181)
	at org.springframework.beans.factory.support.AbstractAutowireCapableBeanFactory.doCreateBean(AbstractAutowireCapableBeanFactory.java:556)
	at org.springframework.beans.factory.support.AbstractAutowireCapableBeanFactory.createBean(AbstractAutowireCapableBeanFactory.java:516)
	at org.springframework.beans.factory.support.AbstractBeanFactory.lambda$doGetBean$0(AbstractBeanFactory.java:324)
	at org.springframework.beans.factory.support.DefaultSingletonBeanRegistry.getSingleton(DefaultSingletonBeanRegistry.java:234)
	at org.springframework.beans.factory.support.AbstractBeanFactory.doGetBean(AbstractBeanFactory.java:322)
	at org.springframework.beans.factory.support.AbstractBeanFactory.getBean(AbstractBeanFactory.java:202)
	at org.springframework.beans.factory.config.DependencyDescriptor.resolveCandidate(DependencyDescriptor.java:276)
	at org.springframework.beans.factory.support.DefaultListableBeanFactory.doResolveDependency(DefaultListableBeanFactory.java:1307)
	at org.springframework.beans.factory.support.DefaultListableBeanFactory.resolveDependency(DefaultListableBeanFactory.java:1227)
	at org.springframework.beans.factory.support.AbstractAutowireCapableBeanFactory.autowireByType(AbstractAutowireCapableBeanFactory.java:1514)
	... 65 common frames omitted
Caused by: org.springframework.beans.BeanInstantiationException: Failed to instantiate [org.apache.ibatis.session.SqlSessionFactory]: Factory method 'sqlSessionFactory' threw exception; nested exception is org.springframework.core.NestedIOException: Failed to parse mapping resource: 'file [/Users/sl/Documents/java/enn/e-hub/e-hub-service/target/classes/mapper/AggregatorAvgRtChartMapper.xml]'; nested exception is org.apache.ibatis.builder.BuilderException: Error parsing Mapper XML. The XML location is 'file [/Users/sl/Documents/java/enn/e-hub/e-hub-service/target/classes/mapper/AggregatorAvgRtChartMapper.xml]'. Cause: org.apache.ibatis.builder.BuilderException: Error resolving class. Cause: org.apache.ibatis.type.TypeException: Could not resolve type alias 'cn.sl.ehub.upstream.vo.AggregatorAvgRtChart'.  Cause: java.lang.ClassNotFoundException: Cannot find class: cn.sl.ehub.upstream.vo.AggregatorAvgRtChart
	at org.springframework.beans.factory.support.SimpleInstantiationStrategy.instantiate(SimpleInstantiationStrategy.java:185)
	at org.springframework.beans.factory.support.ConstructorResolver.instantiate(ConstructorResolver.java:652)
	... 78 common frames omitted
Caused by: org.springframework.core.NestedIOException: Failed to parse mapping resource: 'file [/Users/sl/Documents/java/enn/e-hub/e-hub-service/target/classes/mapper/AggregatorAvgRtChartMapper.xml]'; nested exception is org.apache.ibatis.builder.BuilderException: Error parsing Mapper XML. The XML location is 'file [/Users/sl/Documents/java/enn/e-hub/e-hub-service/target/classes/mapper/AggregatorAvgRtChartMapper.xml]'. Cause: org.apache.ibatis.builder.BuilderException: Error resolving class. Cause: org.apache.ibatis.type.TypeException: Could not resolve type alias 'cn.sl.ehub.upstream.vo.AggregatorAvgRtChart'.  Cause: java.lang.ClassNotFoundException: Cannot find class: cn.sl.ehub.upstream.vo.AggregatorAvgRtChart
	at com.baomidou.mybatisplus.extension.spring.MybatisSqlSessionFactoryBean.buildSqlSessionFactory(MybatisSqlSessionFactoryBean.java:576)
	at com.baomidou.mybatisplus.extension.spring.MybatisSqlSessionFactoryBean.afterPropertiesSet(MybatisSqlSessionFactoryBean.java:445)
	at com.baomidou.mybatisplus.extension.spring.MybatisSqlSessionFactoryBean.getObject(MybatisSqlSessionFactoryBean.java:609)
	at com.baomidou.mybatisplus.autoconfigure.MybatisPlusAutoConfiguration.sqlSessionFactory(MybatisPlusAutoConfiguration.java:218)
	at sun.reflect.NativeMethodAccessorImpl.invoke0(Native Method)
	at sun.reflect.NativeMethodAccessorImpl.invoke(NativeMethodAccessorImpl.java:62)
	at sun.reflect.DelegatingMethodAccessorImpl.invoke(DelegatingMethodAccessorImpl.java:43)
	at java.lang.reflect.Method.invoke(Method.java:498)
	at org.springframework.beans.factory.support.SimpleInstantiationStrategy.instantiate(SimpleInstantiationStrategy.java:154)
	... 79 common frames omitted
Caused by: org.apache.ibatis.builder.BuilderException: Error parsing Mapper XML. The XML location is 'file [/Users/sl/Documents/java/enn/e-hub/e-hub-service/target/classes/mapper/AggregatorAvgRtChartMapper.xml]'. Cause: org.apache.ibatis.builder.BuilderException: Error resolving class. Cause: org.apache.ibatis.type.TypeException: Could not resolve type alias 'cn.sl.ehub.upstream.vo.AggregatorAvgRtChart'.  Cause: java.lang.ClassNotFoundException: Cannot find class: cn.sl.ehub.upstream.vo.AggregatorAvgRtChart
	at org.apache.ibatis.builder.xml.XMLMapperBuilder.configurationElement(XMLMapperBuilder.java:123)
	at org.apache.ibatis.builder.xml.XMLMapperBuilder.parse(XMLMapperBuilder.java:95)
	at com.baomidou.mybatisplus.extension.spring.MybatisSqlSessionFactoryBean.buildSqlSessionFactory(MybatisSqlSessionFactoryBean.java:574)
	... 87 common frames omitted
Caused by: org.apache.ibatis.builder.BuilderException: Error resolving class. Cause: org.apache.ibatis.type.TypeException: Could not resolve type alias 'cn.sl.ehub.upstream.vo.AggregatorAvgRtChart'.  Cause: java.lang.ClassNotFoundException: Cannot find class: cn.sl.ehub.upstream.vo.AggregatorAvgRtChart
	at org.apache.ibatis.builder.BaseBuilder.resolveClass(BaseBuilder.java:118)
	at org.apache.ibatis.builder.xml.XMLMapperBuilder.resultMapElement(XMLMapperBuilder.java:263)
	at org.apache.ibatis.builder.xml.XMLMapperBuilder.resultMapElement(XMLMapperBuilder.java:254)
	at org.apache.ibatis.builder.xml.XMLMapperBuilder.resultMapElements(XMLMapperBuilder.java:246)
	at org.apache.ibatis.builder.xml.XMLMapperBuilder.configurationElement(XMLMapperBuilder.java:119)
	... 89 common frames omitted
Caused by: org.apache.ibatis.type.TypeException: Could not resolve type alias 'cn.sl.ehub.upstream.vo.AggregatorAvgRtChart'.  Cause: java.lang.ClassNotFoundException: Cannot find class: cn.sl.ehub.upstream.vo.AggregatorAvgRtChart
	at org.apache.ibatis.type.TypeAliasRegistry.resolveAlias(TypeAliasRegistry.java:120)
	at org.apache.ibatis.builder.BaseBuilder.resolveAlias(BaseBuilder.java:149)
	at org.apache.ibatis.builder.BaseBuilder.resolveClass(BaseBuilder.java:116)
	... 93 common frames omitted
Caused by: java.lang.ClassNotFoundException: Cannot find class: cn.sl.ehub.upstream.vo.AggregatorAvgRtChart
	at org.apache.ibatis.io.ClassLoaderWrapper.classForName(ClassLoaderWrapper.java:196)
	at org.apache.ibatis.io.ClassLoaderWrapper.classForName(ClassLoaderWrapper.java:89)
	at org.apache.ibatis.io.Resources.classForName(Resources.java:261)
	at org.apache.ibatis.type.TypeAliasRegistry.resolveAlias(TypeAliasRegistry.java:116)
	... 95 common frames omitted
2026-06-10 16:21:25.701 [background-preinit] INFO  o.h.validator.internal.util.Version -HV000001: Hibernate Validator 6.1.5.Final
2026-06-10 16:21:25.736 [restartedMain] INFO  c.s.e.u.EHubUpstreamApplication -Starting EHubUpstreamApplication on MacBook-Pro-9.local with PID 87616 (/Users/sl/Documents/java/enn/e-hub/e-hub-upstream/target/classes started by sl in /Users/sl/Documents/java/enn/e-hub)
2026-06-10 16:21:25.737 [restartedMain] INFO  c.s.e.u.EHubUpstreamApplication -The following profiles are active: dev
2026-06-10 16:21:25.803 [restartedMain] INFO  o.s.b.d.e.DevToolsPropertyDefaultsPostProcessor -Devtools property defaults active! Set 'spring.devtools.add-properties' to 'false' to disable
2026-06-10 16:21:25.804 [restartedMain] INFO  o.s.b.d.e.DevToolsPropertyDefaultsPostProcessor -For additional web related logging consider setting the 'logging.level.web' property to 'DEBUG'
2026-06-10 16:21:26.163 [background-preinit] WARN  o.s.h.c.j.Jackson2ObjectMapperBuilder -For Jackson Kotlin classes support please add "com.fasterxml.jackson.module:jackson-module-kotlin" to the classpath
2026-06-10 16:21:27.176 [restartedMain] INFO  o.s.d.r.c.RepositoryConfigurationDelegate -Multiple Spring Data modules found, entering strict repository configuration mode!
2026-06-10 16:21:27.178 [restartedMain] INFO  o.s.d.r.c.RepositoryConfigurationDelegate -Bootstrapping Spring Data JDBC repositories in DEFAULT mode.
2026-06-10 16:21:27.202 [restartedMain] INFO  o.s.d.r.c.RepositoryConfigurationDelegate -Finished Spring Data repository scanning in 17ms. Found 0 JDBC repository interfaces.
2026-06-10 16:21:27.234 [restartedMain] INFO  o.s.d.r.c.RepositoryConfigurationDelegate -Multiple Spring Data modules found, entering strict repository configuration mode!
2026-06-10 16:21:27.236 [restartedMain] INFO  o.s.d.r.c.RepositoryConfigurationDelegate -Bootstrapping Spring Data Redis repositories in DEFAULT mode.
2026-06-10 16:21:27.254 [restartedMain] INFO  o.s.d.r.c.RepositoryConfigurationDelegate -Finished Spring Data repository scanning in 7ms. Found 0 Redis repository interfaces.
2026-06-10 16:21:27.513 [restartedMain] WARN  o.m.s.mapper.ClassPathMapperScanner -No MyBatis mapper was found in '[cn.sl.ehub.upstream]' package. Please check your configuration.
2026-06-10 16:21:28.406 [restartedMain] INFO  o.s.b.w.e.tomcat.TomcatWebServer -Tomcat initialized with port(s): 8088 (http)
2026-06-10 16:21:28.423 [restartedMain] INFO  o.a.coyote.http11.Http11NioProtocol -Initializing ProtocolHandler ["http-nio-8088"]
2026-06-10 16:21:28.424 [restartedMain] INFO  o.a.catalina.core.StandardService -Starting service [Tomcat]
2026-06-10 16:21:28.424 [restartedMain] INFO  o.a.catalina.core.StandardEngine -Starting Servlet engine: [Apache Tomcat/9.0.38]
2026-06-10 16:21:28.513 [restartedMain] INFO  o.a.c.c.C.[Tomcat].[localhost].[/] -Initializing Spring embedded WebApplicationContext
2026-06-10 16:21:28.513 [restartedMain] INFO  o.s.b.w.s.c.ServletWebServerApplicationContext -Root WebApplicationContext: initialization completed in 2709 ms
2026-06-10 16:21:28.870 [restartedMain] INFO  cn.sl.ehub.upstream.config.SSLConfig -==========trustStore处理成功
2026-06-10 16:21:29.297 [restartedMain] INFO  cn.sl.ehub.upstream.config.SSLConfig -=========keyStore处理成功
2026-06-10 16:21:29.639 [restartedMain] WARN  o.s.b.w.s.c.AnnotationConfigServletWebServerApplicationContext -Exception encountered during context initialization - cancelling refresh attempt: org.springframework.beans.factory.BeanCreationException: Error creating bean with name 'deliveryController': Injection of resource dependencies failed; nested exception is org.springframework.beans.factory.BeanCreationException: Error creating bean with name 'deliveryService': Injection of resource dependencies failed; nested exception is org.springframework.beans.factory.BeanCreationException: Error creating bean with name 'totalDeliveryLogService': Injection of resource dependencies failed; nested exception is org.springframework.beans.factory.UnsatisfiedDependencyException: Error creating bean with name 'totalDeliveryLogMapper' defined in file [/Users/sl/Documents/java/enn/e-hub/e-hub-service/target/classes/cn/sl/ehub/service/mapper/TotalDeliveryLogMapper.class]: Unsatisfied dependency expressed through bean property 'sqlSessionFactory'; nested exception is org.springframework.beans.factory.BeanCreationException: Error creating bean with name 'sqlSessionFactory' defined in class path resource [com/baomidou/mybatisplus/autoconfigure/MybatisPlusAutoConfiguration.class]: Bean instantiation via factory method failed; nested exception is org.springframework.beans.BeanInstantiationException: Failed to instantiate [org.apache.ibatis.session.SqlSessionFactory]: Factory method 'sqlSessionFactory' threw exception; nested exception is org.springframework.core.NestedIOException: Failed to parse mapping resource: 'file [/Users/sl/Documents/java/enn/e-hub/e-hub-service/target/classes/mapper/AggregatorAvgRtChartMapper.xml]'; nested exception is org.apache.ibatis.builder.BuilderException: Error parsing Mapper XML. The XML location is 'file [/Users/sl/Documents/java/enn/e-hub/e-hub-service/target/classes/mapper/AggregatorAvgRtChartMapper.xml]'. Cause: org.apache.ibatis.builder.BuilderException: Error resolving class. Cause: org.apache.ibatis.type.TypeException: Could not resolve type alias 'cn.sl.ehub.upstream.vo.AggregatorAvgRtChart'.  Cause: java.lang.ClassNotFoundException: Cannot find class: cn.sl.ehub.upstream.vo.AggregatorAvgRtChart
2026-06-10 16:21:29.644 [restartedMain] INFO  o.a.catalina.core.StandardService -Stopping service [Tomcat]
2026-06-10 16:21:29.662 [restartedMain] INFO  o.s.b.a.l.ConditionEvaluationReportLoggingListener -

Error starting ApplicationContext. To display the conditions report re-run your application with 'debug' enabled.
2026-06-10 16:21:29.668 [restartedMain] ERROR o.s.boot.SpringApplication -Application run failed
org.springframework.beans.factory.BeanCreationException: Error creating bean with name 'deliveryController': Injection of resource dependencies failed; nested exception is org.springframework.beans.factory.BeanCreationException: Error creating bean with name 'deliveryService': Injection of resource dependencies failed; nested exception is org.springframework.beans.factory.BeanCreationException: Error creating bean with name 'totalDeliveryLogService': Injection of resource dependencies failed; nested exception is org.springframework.beans.factory.UnsatisfiedDependencyException: Error creating bean with name 'totalDeliveryLogMapper' defined in file [/Users/sl/Documents/java/enn/e-hub/e-hub-service/target/classes/cn/sl/ehub/service/mapper/TotalDeliveryLogMapper.class]: Unsatisfied dependency expressed through bean property 'sqlSessionFactory'; nested exception is org.springframework.beans.factory.BeanCreationException: Error creating bean with name 'sqlSessionFactory' defined in class path resource [com/baomidou/mybatisplus/autoconfigure/MybatisPlusAutoConfiguration.class]: Bean instantiation via factory method failed; nested exception is org.springframework.beans.BeanInstantiationException: Failed to instantiate [org.apache.ibatis.session.SqlSessionFactory]: Factory method 'sqlSessionFactory' threw exception; nested exception is org.springframework.core.NestedIOException: Failed to parse mapping resource: 'file [/Users/sl/Documents/java/enn/e-hub/e-hub-service/target/classes/mapper/AggregatorAvgRtChartMapper.xml]'; nested exception is org.apache.ibatis.builder.BuilderException: Error parsing Mapper XML. The XML location is 'file [/Users/sl/Documents/java/enn/e-hub/e-hub-service/target/classes/mapper/AggregatorAvgRtChartMapper.xml]'. Cause: org.apache.ibatis.builder.BuilderException: Error resolving class. Cause: org.apache.ibatis.type.TypeException: Could not resolve type alias 'cn.sl.ehub.upstream.vo.AggregatorAvgRtChart'.  Cause: java.lang.ClassNotFoundException: Cannot find class: cn.sl.ehub.upstream.vo.AggregatorAvgRtChart
	at org.springframework.context.annotation.CommonAnnotationBeanPostProcessor.postProcessProperties(CommonAnnotationBeanPostProcessor.java:321)
	at org.springframework.beans.factory.support.AbstractAutowireCapableBeanFactory.populateBean(AbstractAutowireCapableBeanFactory.java:1425)
	at org.springframework.beans.factory.support.AbstractAutowireCapableBeanFactory.doCreateBean(AbstractAutowireCapableBeanFactory.java:593)
	at org.springframework.beans.factory.support.AbstractAutowireCapableBeanFactory.createBean(AbstractAutowireCapableBeanFactory.java:516)
	at org.springframework.beans.factory.support.AbstractBeanFactory.lambda$doGetBean$0(AbstractBeanFactory.java:324)
	at org.springframework.beans.factory.support.DefaultSingletonBeanRegistry.getSingleton(DefaultSingletonBeanRegistry.java:234)
	at org.springframework.beans.factory.support.AbstractBeanFactory.doGetBean(AbstractBeanFactory.java:322)
	at org.springframework.beans.factory.support.AbstractBeanFactory.getBean(AbstractBeanFactory.java:202)
	at org.springframework.beans.factory.support.DefaultListableBeanFactory.preInstantiateSingletons(DefaultListableBeanFactory.java:897)
	at org.springframework.context.support.AbstractApplicationContext.finishBeanFactoryInitialization(AbstractApplicationContext.java:879)
	at org.springframework.context.support.AbstractApplicationContext.refresh(AbstractApplicationContext.java:551)
	at org.springframework.boot.web.servlet.context.ServletWebServerApplicationContext.refresh(ServletWebServerApplicationContext.java:143)
	at org.springframework.boot.SpringApplication.refresh(SpringApplication.java:758)
	at org.springframework.boot.SpringApplication.refresh(SpringApplication.java:750)
	at org.springframework.boot.SpringApplication.refreshContext(SpringApplication.java:397)
	at org.springframework.boot.SpringApplication.run(SpringApplication.java:315)
	at org.springframework.boot.SpringApplication.run(SpringApplication.java:1237)
	at org.springframework.boot.SpringApplication.run(SpringApplication.java:1226)
	at cn.sl.ehub.upstream.EHubUpstreamApplication.main(EHubUpstreamApplication.java:23)
	at sun.reflect.NativeMethodAccessorImpl.invoke0(Native Method)
	at sun.reflect.NativeMethodAccessorImpl.invoke(NativeMethodAccessorImpl.java:62)
	at sun.reflect.DelegatingMethodAccessorImpl.invoke(DelegatingMethodAccessorImpl.java:43)
	at java.lang.reflect.Method.invoke(Method.java:498)
	at org.springframework.boot.devtools.restart.RestartLauncher.run(RestartLauncher.java:49)
Caused by: org.springframework.beans.factory.BeanCreationException: Error creating bean with name 'deliveryService': Injection of resource dependencies failed; nested exception is org.springframework.beans.factory.BeanCreationException: Error creating bean with name 'totalDeliveryLogService': Injection of resource dependencies failed; nested exception is org.springframework.beans.factory.UnsatisfiedDependencyException: Error creating bean with name 'totalDeliveryLogMapper' defined in file [/Users/sl/Documents/java/enn/e-hub/e-hub-service/target/classes/cn/sl/ehub/service/mapper/TotalDeliveryLogMapper.class]: Unsatisfied dependency expressed through bean property 'sqlSessionFactory'; nested exception is org.springframework.beans.factory.BeanCreationException: Error creating bean with name 'sqlSessionFactory' defined in class path resource [com/baomidou/mybatisplus/autoconfigure/MybatisPlusAutoConfiguration.class]: Bean instantiation via factory method failed; nested exception is org.springframework.beans.BeanInstantiationException: Failed to instantiate [org.apache.ibatis.session.SqlSessionFactory]: Factory method 'sqlSessionFactory' threw exception; nested exception is org.springframework.core.NestedIOException: Failed to parse mapping resource: 'file [/Users/sl/Documents/java/enn/e-hub/e-hub-service/target/classes/mapper/AggregatorAvgRtChartMapper.xml]'; nested exception is org.apache.ibatis.builder.BuilderException: Error parsing Mapper XML. The XML location is 'file [/Users/sl/Documents/java/enn/e-hub/e-hub-service/target/classes/mapper/AggregatorAvgRtChartMapper.xml]'. Cause: org.apache.ibatis.builder.BuilderException: Error resolving class. Cause: org.apache.ibatis.type.TypeException: Could not resolve type alias 'cn.sl.ehub.upstream.vo.AggregatorAvgRtChart'.  Cause: java.lang.ClassNotFoundException: Cannot find class: cn.sl.ehub.upstream.vo.AggregatorAvgRtChart
	at org.springframework.context.annotation.CommonAnnotationBeanPostProcessor.postProcessProperties(CommonAnnotationBeanPostProcessor.java:321)
	at org.springframework.beans.factory.support.AbstractAutowireCapableBeanFactory.populateBean(AbstractAutowireCapableBeanFactory.java:1425)
	at org.springframework.beans.factory.support.AbstractAutowireCapableBeanFactory.doCreateBean(AbstractAutowireCapableBeanFactory.java:593)
	at org.springframework.beans.factory.support.AbstractAutowireCapableBeanFactory.createBean(AbstractAutowireCapableBeanFactory.java:516)
	at org.springframework.beans.factory.support.AbstractBeanFactory.lambda$doGetBean$0(AbstractBeanFactory.java:324)
	at org.springframework.beans.factory.support.DefaultSingletonBeanRegistry.getSingleton(DefaultSingletonBeanRegistry.java:234)
	at org.springframework.beans.factory.support.AbstractBeanFactory.doGetBean(AbstractBeanFactory.java:322)
	at org.springframework.beans.factory.support.AbstractBeanFactory.getBean(AbstractBeanFactory.java:207)
	at org.springframework.beans.factory.support.AbstractAutowireCapableBeanFactory.resolveBeanByName(AbstractAutowireCapableBeanFactory.java:453)
	at org.springframework.context.annotation.CommonAnnotationBeanPostProcessor.autowireResource(CommonAnnotationBeanPostProcessor.java:527)
	at org.springframework.context.annotation.CommonAnnotationBeanPostProcessor.getResource(CommonAnnotationBeanPostProcessor.java:497)
	at org.springframework.context.annotation.CommonAnnotationBeanPostProcessor$ResourceElement.getResourceToInject(CommonAnnotationBeanPostProcessor.java:650)
	at org.springframework.beans.factory.annotation.InjectionMetadata$InjectedElement.inject(InjectionMetadata.java:228)
	at org.springframework.beans.factory.annotation.InjectionMetadata.inject(InjectionMetadata.java:119)
	at org.springframework.context.annotation.CommonAnnotationBeanPostProcessor.postProcessProperties(CommonAnnotationBeanPostProcessor.java:318)
	... 23 common frames omitted
Caused by: org.springframework.beans.factory.BeanCreationException: Error creating bean with name 'totalDeliveryLogService': Injection of resource dependencies failed; nested exception is org.springframework.beans.factory.UnsatisfiedDependencyException: Error creating bean with name 'totalDeliveryLogMapper' defined in file [/Users/sl/Documents/java/enn/e-hub/e-hub-service/target/classes/cn/sl/ehub/service/mapper/TotalDeliveryLogMapper.class]: Unsatisfied dependency expressed through bean property 'sqlSessionFactory'; nested exception is org.springframework.beans.factory.BeanCreationException: Error creating bean with name 'sqlSessionFactory' defined in class path resource [com/baomidou/mybatisplus/autoconfigure/MybatisPlusAutoConfiguration.class]: Bean instantiation via factory method failed; nested exception is org.springframework.beans.BeanInstantiationException: Failed to instantiate [org.apache.ibatis.session.SqlSessionFactory]: Factory method 'sqlSessionFactory' threw exception; nested exception is org.springframework.core.NestedIOException: Failed to parse mapping resource: 'file [/Users/sl/Documents/java/enn/e-hub/e-hub-service/target/classes/mapper/AggregatorAvgRtChartMapper.xml]'; nested exception is org.apache.ibatis.builder.BuilderException: Error parsing Mapper XML. The XML location is 'file [/Users/sl/Documents/java/enn/e-hub/e-hub-service/target/classes/mapper/AggregatorAvgRtChartMapper.xml]'. Cause: org.apache.ibatis.builder.BuilderException: Error resolving class. Cause: org.apache.ibatis.type.TypeException: Could not resolve type alias 'cn.sl.ehub.upstream.vo.AggregatorAvgRtChart'.  Cause: java.lang.ClassNotFoundException: Cannot find class: cn.sl.ehub.upstream.vo.AggregatorAvgRtChart
	at org.springframework.context.annotation.CommonAnnotationBeanPostProcessor.postProcessProperties(CommonAnnotationBeanPostProcessor.java:321)
	at org.springframework.beans.factory.support.AbstractAutowireCapableBeanFactory.populateBean(AbstractAutowireCapableBeanFactory.java:1425)
	at org.springframework.beans.factory.support.AbstractAutowireCapableBeanFactory.doCreateBean(AbstractAutowireCapableBeanFactory.java:593)
	at org.springframework.beans.factory.support.AbstractAutowireCapableBeanFactory.createBean(AbstractAutowireCapableBeanFactory.java:516)
	at org.springframework.beans.factory.support.AbstractBeanFactory.lambda$doGetBean$0(AbstractBeanFactory.java:324)
	at org.springframework.beans.factory.support.DefaultSingletonBeanRegistry.getSingleton(DefaultSingletonBeanRegistry.java:234)
	at org.springframework.beans.factory.support.AbstractBeanFactory.doGetBean(AbstractBeanFactory.java:322)
	at org.springframework.beans.factory.support.AbstractBeanFactory.getBean(AbstractBeanFactory.java:207)
	at org.springframework.beans.factory.support.AbstractAutowireCapableBeanFactory.resolveBeanByName(AbstractAutowireCapableBeanFactory.java:453)
	at org.springframework.context.annotation.CommonAnnotationBeanPostProcessor.autowireResource(CommonAnnotationBeanPostProcessor.java:527)
	at org.springframework.context.annotation.CommonAnnotationBeanPostProcessor.getResource(CommonAnnotationBeanPostProcessor.java:497)
	at org.springframework.context.annotation.CommonAnnotationBeanPostProcessor$ResourceElement.getResourceToInject(CommonAnnotationBeanPostProcessor.java:650)
	at org.springframework.beans.factory.annotation.InjectionMetadata$InjectedElement.inject(InjectionMetadata.java:228)
	at org.springframework.beans.factory.annotation.InjectionMetadata.inject(InjectionMetadata.java:119)
	at org.springframework.context.annotation.CommonAnnotationBeanPostProcessor.postProcessProperties(CommonAnnotationBeanPostProcessor.java:318)
	... 37 common frames omitted
Caused by: org.springframework.beans.factory.UnsatisfiedDependencyException: Error creating bean with name 'totalDeliveryLogMapper' defined in file [/Users/sl/Documents/java/enn/e-hub/e-hub-service/target/classes/cn/sl/ehub/service/mapper/TotalDeliveryLogMapper.class]: Unsatisfied dependency expressed through bean property 'sqlSessionFactory'; nested exception is org.springframework.beans.factory.BeanCreationException: Error creating bean with name 'sqlSessionFactory' defined in class path resource [com/baomidou/mybatisplus/autoconfigure/MybatisPlusAutoConfiguration.class]: Bean instantiation via factory method failed; nested exception is org.springframework.beans.BeanInstantiationException: Failed to instantiate [org.apache.ibatis.session.SqlSessionFactory]: Factory method 'sqlSessionFactory' threw exception; nested exception is org.springframework.core.NestedIOException: Failed to parse mapping resource: 'file [/Users/sl/Documents/java/enn/e-hub/e-hub-service/target/classes/mapper/AggregatorAvgRtChartMapper.xml]'; nested exception is org.apache.ibatis.builder.BuilderException: Error parsing Mapper XML. The XML location is 'file [/Users/sl/Documents/java/enn/e-hub/e-hub-service/target/classes/mapper/AggregatorAvgRtChartMapper.xml]'. Cause: org.apache.ibatis.builder.BuilderException: Error resolving class. Cause: org.apache.ibatis.type.TypeException: Could not resolve type alias 'cn.sl.ehub.upstream.vo.AggregatorAvgRtChart'.  Cause: java.lang.ClassNotFoundException: Cannot find class: cn.sl.ehub.upstream.vo.AggregatorAvgRtChart
	at org.springframework.beans.factory.support.AbstractAutowireCapableBeanFactory.autowireByType(AbstractAutowireCapableBeanFactory.java:1529)
	at org.springframework.beans.factory.support.AbstractAutowireCapableBeanFactory.populateBean(AbstractAutowireCapableBeanFactory.java:1409)
	at org.springframework.beans.factory.support.AbstractAutowireCapableBeanFactory.doCreateBean(AbstractAutowireCapableBeanFactory.java:593)
	at org.springframework.beans.factory.support.AbstractAutowireCapableBeanFactory.createBean(AbstractAutowireCapableBeanFactory.java:516)
	at org.springframework.beans.factory.support.AbstractBeanFactory.lambda$doGetBean$0(AbstractBeanFactory.java:324)
	at org.springframework.beans.factory.support.DefaultSingletonBeanRegistry.getSingleton(DefaultSingletonBeanRegistry.java:234)
	at org.springframework.beans.factory.support.AbstractBeanFactory.doGetBean(AbstractBeanFactory.java:322)
	at org.springframework.beans.factory.support.AbstractBeanFactory.getBean(AbstractBeanFactory.java:207)
	at org.springframework.beans.factory.support.AbstractAutowireCapableBeanFactory.resolveBeanByName(AbstractAutowireCapableBeanFactory.java:453)
	at org.springframework.context.annotation.CommonAnnotationBeanPostProcessor.autowireResource(CommonAnnotationBeanPostProcessor.java:527)
	at org.springframework.context.annotation.CommonAnnotationBeanPostProcessor.getResource(CommonAnnotationBeanPostProcessor.java:497)
	at org.springframework.context.annotation.CommonAnnotationBeanPostProcessor$ResourceElement.getResourceToInject(CommonAnnotationBeanPostProcessor.java:650)
	at org.springframework.beans.factory.annotation.InjectionMetadata$InjectedElement.inject(InjectionMetadata.java:228)
	at org.springframework.beans.factory.annotation.InjectionMetadata.inject(InjectionMetadata.java:119)
	at org.springframework.context.annotation.CommonAnnotationBeanPostProcessor.postProcessProperties(CommonAnnotationBeanPostProcessor.java:318)
	... 51 common frames omitted
Caused by: org.springframework.beans.factory.BeanCreationException: Error creating bean with name 'sqlSessionFactory' defined in class path resource [com/baomidou/mybatisplus/autoconfigure/MybatisPlusAutoConfiguration.class]: Bean instantiation via factory method failed; nested exception is org.springframework.beans.BeanInstantiationException: Failed to instantiate [org.apache.ibatis.session.SqlSessionFactory]: Factory method 'sqlSessionFactory' threw exception; nested exception is org.springframework.core.NestedIOException: Failed to parse mapping resource: 'file [/Users/sl/Documents/java/enn/e-hub/e-hub-service/target/classes/mapper/AggregatorAvgRtChartMapper.xml]'; nested exception is org.apache.ibatis.builder.BuilderException: Error parsing Mapper XML. The XML location is 'file [/Users/sl/Documents/java/enn/e-hub/e-hub-service/target/classes/mapper/AggregatorAvgRtChartMapper.xml]'. Cause: org.apache.ibatis.builder.BuilderException: Error resolving class. Cause: org.apache.ibatis.type.TypeException: Could not resolve type alias 'cn.sl.ehub.upstream.vo.AggregatorAvgRtChart'.  Cause: java.lang.ClassNotFoundException: Cannot find class: cn.sl.ehub.upstream.vo.AggregatorAvgRtChart
	at org.springframework.beans.factory.support.ConstructorResolver.instantiate(ConstructorResolver.java:657)
	at org.springframework.beans.factory.support.ConstructorResolver.instantiateUsingFactoryMethod(ConstructorResolver.java:637)
	at org.springframework.beans.factory.support.AbstractAutowireCapableBeanFactory.instantiateUsingFactoryMethod(AbstractAutowireCapableBeanFactory.java:1341)
	at org.springframework.beans.factory.support.AbstractAutowireCapableBeanFactory.createBeanInstance(AbstractAutowireCapableBeanFactory.java:1181)
	at org.springframework.beans.factory.support.AbstractAutowireCapableBeanFactory.doCreateBean(AbstractAutowireCapableBeanFactory.java:556)
	at org.springframework.beans.factory.support.AbstractAutowireCapableBeanFactory.createBean(AbstractAutowireCapableBeanFactory.java:516)
	at org.springframework.beans.factory.support.AbstractBeanFactory.lambda$doGetBean$0(AbstractBeanFactory.java:324)
	at org.springframework.beans.factory.support.DefaultSingletonBeanRegistry.getSingleton(DefaultSingletonBeanRegistry.java:234)
	at org.springframework.beans.factory.support.AbstractBeanFactory.doGetBean(AbstractBeanFactory.java:322)
	at org.springframework.beans.factory.support.AbstractBeanFactory.getBean(AbstractBeanFactory.java:202)
	at org.springframework.beans.factory.config.DependencyDescriptor.resolveCandidate(DependencyDescriptor.java:276)
	at org.springframework.beans.factory.support.DefaultListableBeanFactory.doResolveDependency(DefaultListableBeanFactory.java:1307)
	at org.springframework.beans.factory.support.DefaultListableBeanFactory.resolveDependency(DefaultListableBeanFactory.java:1227)
	at org.springframework.beans.factory.support.AbstractAutowireCapableBeanFactory.autowireByType(AbstractAutowireCapableBeanFactory.java:1514)
	... 65 common frames omitted
Caused by: org.springframework.beans.BeanInstantiationException: Failed to instantiate [org.apache.ibatis.session.SqlSessionFactory]: Factory method 'sqlSessionFactory' threw exception; nested exception is org.springframework.core.NestedIOException: Failed to parse mapping resource: 'file [/Users/sl/Documents/java/enn/e-hub/e-hub-service/target/classes/mapper/AggregatorAvgRtChartMapper.xml]'; nested exception is org.apache.ibatis.builder.BuilderException: Error parsing Mapper XML. The XML location is 'file [/Users/sl/Documents/java/enn/e-hub/e-hub-service/target/classes/mapper/AggregatorAvgRtChartMapper.xml]'. Cause: org.apache.ibatis.builder.BuilderException: Error resolving class. Cause: org.apache.ibatis.type.TypeException: Could not resolve type alias 'cn.sl.ehub.upstream.vo.AggregatorAvgRtChart'.  Cause: java.lang.ClassNotFoundException: Cannot find class: cn.sl.ehub.upstream.vo.AggregatorAvgRtChart
	at org.springframework.beans.factory.support.SimpleInstantiationStrategy.instantiate(SimpleInstantiationStrategy.java:185)
	at org.springframework.beans.factory.support.ConstructorResolver.instantiate(ConstructorResolver.java:652)
	... 78 common frames omitted
Caused by: org.springframework.core.NestedIOException: Failed to parse mapping resource: 'file [/Users/sl/Documents/java/enn/e-hub/e-hub-service/target/classes/mapper/AggregatorAvgRtChartMapper.xml]'; nested exception is org.apache.ibatis.builder.BuilderException: Error parsing Mapper XML. The XML location is 'file [/Users/sl/Documents/java/enn/e-hub/e-hub-service/target/classes/mapper/AggregatorAvgRtChartMapper.xml]'. Cause: org.apache.ibatis.builder.BuilderException: Error resolving class. Cause: org.apache.ibatis.type.TypeException: Could not resolve type alias 'cn.sl.ehub.upstream.vo.AggregatorAvgRtChart'.  Cause: java.lang.ClassNotFoundException: Cannot find class: cn.sl.ehub.upstream.vo.AggregatorAvgRtChart
	at com.baomidou.mybatisplus.extension.spring.MybatisSqlSessionFactoryBean.buildSqlSessionFactory(MybatisSqlSessionFactoryBean.java:576)
	at com.baomidou.mybatisplus.extension.spring.MybatisSqlSessionFactoryBean.afterPropertiesSet(MybatisSqlSessionFactoryBean.java:445)
	at com.baomidou.mybatisplus.extension.spring.MybatisSqlSessionFactoryBean.getObject(MybatisSqlSessionFactoryBean.java:609)
	at com.baomidou.mybatisplus.autoconfigure.MybatisPlusAutoConfiguration.sqlSessionFactory(MybatisPlusAutoConfiguration.java:218)
	at sun.reflect.NativeMethodAccessorImpl.invoke0(Native Method)
	at sun.reflect.NativeMethodAccessorImpl.invoke(NativeMethodAccessorImpl.java:62)
	at sun.reflect.DelegatingMethodAccessorImpl.invoke(DelegatingMethodAccessorImpl.java:43)
	at java.lang.reflect.Method.invoke(Method.java:498)
	at org.springframework.beans.factory.support.SimpleInstantiationStrategy.instantiate(SimpleInstantiationStrategy.java:154)
	... 79 common frames omitted
Caused by: org.apache.ibatis.builder.BuilderException: Error parsing Mapper XML. The XML location is 'file [/Users/sl/Documents/java/enn/e-hub/e-hub-service/target/classes/mapper/AggregatorAvgRtChartMapper.xml]'. Cause: org.apache.ibatis.builder.BuilderException: Error resolving class. Cause: org.apache.ibatis.type.TypeException: Could not resolve type alias 'cn.sl.ehub.upstream.vo.AggregatorAvgRtChart'.  Cause: java.lang.ClassNotFoundException: Cannot find class: cn.sl.ehub.upstream.vo.AggregatorAvgRtChart
	at org.apache.ibatis.builder.xml.XMLMapperBuilder.configurationElement(XMLMapperBuilder.java:123)
	at org.apache.ibatis.builder.xml.XMLMapperBuilder.parse(XMLMapperBuilder.java:95)
	at com.baomidou.mybatisplus.extension.spring.MybatisSqlSessionFactoryBean.buildSqlSessionFactory(MybatisSqlSessionFactoryBean.java:574)
	... 87 common frames omitted
Caused by: org.apache.ibatis.builder.BuilderException: Error resolving class. Cause: org.apache.ibatis.type.TypeException: Could not resolve type alias 'cn.sl.ehub.upstream.vo.AggregatorAvgRtChart'.  Cause: java.lang.ClassNotFoundException: Cannot find class: cn.sl.ehub.upstream.vo.AggregatorAvgRtChart
	at org.apache.ibatis.builder.BaseBuilder.resolveClass(BaseBuilder.java:118)
	at org.apache.ibatis.builder.xml.XMLMapperBuilder.resultMapElement(XMLMapperBuilder.java:263)
	at org.apache.ibatis.builder.xml.XMLMapperBuilder.resultMapElement(XMLMapperBuilder.java:254)
	at org.apache.ibatis.builder.xml.XMLMapperBuilder.resultMapElements(XMLMapperBuilder.java:246)
	at org.apache.ibatis.builder.xml.XMLMapperBuilder.configurationElement(XMLMapperBuilder.java:119)
	... 89 common frames omitted
Caused by: org.apache.ibatis.type.TypeException: Could not resolve type alias 'cn.sl.ehub.upstream.vo.AggregatorAvgRtChart'.  Cause: java.lang.ClassNotFoundException: Cannot find class: cn.sl.ehub.upstream.vo.AggregatorAvgRtChart
	at org.apache.ibatis.type.TypeAliasRegistry.resolveAlias(TypeAliasRegistry.java:120)
	at org.apache.ibatis.builder.BaseBuilder.resolveAlias(BaseBuilder.java:149)
	at org.apache.ibatis.builder.BaseBuilder.resolveClass(BaseBuilder.java:116)
	... 93 common frames omitted
Caused by: java.lang.ClassNotFoundException: Cannot find class: cn.sl.ehub.upstream.vo.AggregatorAvgRtChart
	at org.apache.ibatis.io.ClassLoaderWrapper.classForName(ClassLoaderWrapper.java:196)
	at org.apache.ibatis.io.ClassLoaderWrapper.classForName(ClassLoaderWrapper.java:89)
	at org.apache.ibatis.io.Resources.classForName(Resources.java:261)
	at org.apache.ibatis.type.TypeAliasRegistry.resolveAlias(TypeAliasRegistry.java:116)
	... 95 common frames omitted
2026-06-10 16:24:31.349 [background-preinit] INFO  o.h.validator.internal.util.Version -HV000001: Hibernate Validator 6.1.5.Final
2026-06-10 16:24:31.381 [restartedMain] INFO  c.s.e.u.EHubUpstreamApplication -Starting EHubUpstreamApplication on MacBook-Pro-9.local with PID 92386 (/Users/sl/Documents/java/enn/e-hub/e-hub-upstream/target/classes started by sl in /Users/sl/Documents/java/enn/e-hub)
2026-06-10 16:24:31.381 [restartedMain] INFO  c.s.e.u.EHubUpstreamApplication -The following profiles are active: dev
2026-06-10 16:24:31.444 [restartedMain] INFO  o.s.b.d.e.DevToolsPropertyDefaultsPostProcessor -Devtools property defaults active! Set 'spring.devtools.add-properties' to 'false' to disable
2026-06-10 16:24:31.444 [restartedMain] INFO  o.s.b.d.e.DevToolsPropertyDefaultsPostProcessor -For additional web related logging consider setting the 'logging.level.web' property to 'DEBUG'
2026-06-10 16:24:31.739 [background-preinit] WARN  o.s.h.c.j.Jackson2ObjectMapperBuilder -For Jackson Kotlin classes support please add "com.fasterxml.jackson.module:jackson-module-kotlin" to the classpath
2026-06-10 16:24:32.835 [restartedMain] INFO  o.s.d.r.c.RepositoryConfigurationDelegate -Multiple Spring Data modules found, entering strict repository configuration mode!
2026-06-10 16:24:32.837 [restartedMain] INFO  o.s.d.r.c.RepositoryConfigurationDelegate -Bootstrapping Spring Data JDBC repositories in DEFAULT mode.
2026-06-10 16:24:32.860 [restartedMain] INFO  o.s.d.r.c.RepositoryConfigurationDelegate -Finished Spring Data repository scanning in 18ms. Found 0 JDBC repository interfaces.
2026-06-10 16:24:32.878 [restartedMain] INFO  o.s.d.r.c.RepositoryConfigurationDelegate -Multiple Spring Data modules found, entering strict repository configuration mode!
2026-06-10 16:24:32.881 [restartedMain] INFO  o.s.d.r.c.RepositoryConfigurationDelegate -Bootstrapping Spring Data Redis repositories in DEFAULT mode.
2026-06-10 16:24:32.903 [restartedMain] INFO  o.s.d.r.c.RepositoryConfigurationDelegate -Finished Spring Data repository scanning in 9ms. Found 0 Redis repository interfaces.
2026-06-10 16:24:33.138 [restartedMain] WARN  o.m.s.mapper.ClassPathMapperScanner -No MyBatis mapper was found in '[cn.sl.ehub.upstream]' package. Please check your configuration.
2026-06-10 16:24:34.009 [restartedMain] INFO  o.s.b.w.e.tomcat.TomcatWebServer -Tomcat initialized with port(s): 8088 (http)
2026-06-10 16:24:34.024 [restartedMain] INFO  o.a.coyote.http11.Http11NioProtocol -Initializing ProtocolHandler ["http-nio-8088"]
2026-06-10 16:24:34.025 [restartedMain] INFO  o.a.catalina.core.StandardService -Starting service [Tomcat]
2026-06-10 16:24:34.025 [restartedMain] INFO  o.a.catalina.core.StandardEngine -Starting Servlet engine: [Apache Tomcat/9.0.38]
2026-06-10 16:24:34.105 [restartedMain] INFO  o.a.c.c.C.[Tomcat].[localhost].[/] -Initializing Spring embedded WebApplicationContext
2026-06-10 16:24:34.105 [restartedMain] INFO  o.s.b.w.s.c.ServletWebServerApplicationContext -Root WebApplicationContext: initialization completed in 2661 ms
2026-06-10 16:24:34.368 [restartedMain] INFO  cn.sl.ehub.upstream.config.SSLConfig -==========trustStore处理成功
2026-06-10 16:24:34.577 [restartedMain] INFO  cn.sl.ehub.upstream.config.SSLConfig -=========keyStore处理成功
2026-06-10 16:24:34.971 [restartedMain] WARN  o.s.b.w.s.c.AnnotationConfigServletWebServerApplicationContext -Exception encountered during context initialization - cancelling refresh attempt: org.springframework.beans.factory.BeanCreationException: Error creating bean with name 'deliveryController': Injection of resource dependencies failed; nested exception is org.springframework.beans.factory.BeanCreationException: Error creating bean with name 'deliveryService': Injection of resource dependencies failed; nested exception is org.springframework.beans.factory.BeanCreationException: Error creating bean with name 'totalDeliveryLogService': Injection of resource dependencies failed; nested exception is org.springframework.beans.factory.UnsatisfiedDependencyException: Error creating bean with name 'totalDeliveryLogMapper' defined in file [/Users/sl/Documents/java/enn/e-hub/e-hub-service/target/classes/cn/sl/ehub/service/mapper/TotalDeliveryLogMapper.class]: Unsatisfied dependency expressed through bean property 'sqlSessionFactory'; nested exception is org.springframework.beans.factory.BeanCreationException: Error creating bean with name 'sqlSessionFactory' defined in class path resource [com/baomidou/mybatisplus/autoconfigure/MybatisPlusAutoConfiguration.class]: Bean instantiation via factory method failed; nested exception is org.springframework.beans.BeanInstantiationException: Failed to instantiate [org.apache.ibatis.session.SqlSessionFactory]: Factory method 'sqlSessionFactory' threw exception; nested exception is org.springframework.core.NestedIOException: Failed to parse mapping resource: 'file [/Users/sl/Documents/java/enn/e-hub/e-hub-service/target/classes/mapper/AggregatorBaseLineLoadChartMapper.xml]'; nested exception is org.apache.ibatis.builder.BuilderException: Error parsing Mapper XML. The XML location is 'file [/Users/sl/Documents/java/enn/e-hub/e-hub-service/target/classes/mapper/AggregatorBaseLineLoadChartMapper.xml]'. Cause: org.apache.ibatis.builder.BuilderException: Error resolving class. Cause: org.apache.ibatis.type.TypeException: Could not resolve type alias 'cn.sl.ehub.upstream.vo.AggregatorBaseLineLoadChart'.  Cause: java.lang.ClassNotFoundException: Cannot find class: cn.sl.ehub.upstream.vo.AggregatorBaseLineLoadChart
2026-06-10 16:24:34.975 [restartedMain] INFO  o.a.catalina.core.StandardService -Stopping service [Tomcat]
2026-06-10 16:24:34.989 [restartedMain] INFO  o.s.b.a.l.ConditionEvaluationReportLoggingListener -

Error starting ApplicationContext. To display the conditions report re-run your application with 'debug' enabled.
2026-06-10 16:24:34.997 [restartedMain] ERROR o.s.boot.SpringApplication -Application run failed
org.springframework.beans.factory.BeanCreationException: Error creating bean with name 'deliveryController': Injection of resource dependencies failed; nested exception is org.springframework.beans.factory.BeanCreationException: Error creating bean with name 'deliveryService': Injection of resource dependencies failed; nested exception is org.springframework.beans.factory.BeanCreationException: Error creating bean with name 'totalDeliveryLogService': Injection of resource dependencies failed; nested exception is org.springframework.beans.factory.UnsatisfiedDependencyException: Error creating bean with name 'totalDeliveryLogMapper' defined in file [/Users/sl/Documents/java/enn/e-hub/e-hub-service/target/classes/cn/sl/ehub/service/mapper/TotalDeliveryLogMapper.class]: Unsatisfied dependency expressed through bean property 'sqlSessionFactory'; nested exception is org.springframework.beans.factory.BeanCreationException: Error creating bean with name 'sqlSessionFactory' defined in class path resource [com/baomidou/mybatisplus/autoconfigure/MybatisPlusAutoConfiguration.class]: Bean instantiation via factory method failed; nested exception is org.springframework.beans.BeanInstantiationException: Failed to instantiate [org.apache.ibatis.session.SqlSessionFactory]: Factory method 'sqlSessionFactory' threw exception; nested exception is org.springframework.core.NestedIOException: Failed to parse mapping resource: 'file [/Users/sl/Documents/java/enn/e-hub/e-hub-service/target/classes/mapper/AggregatorBaseLineLoadChartMapper.xml]'; nested exception is org.apache.ibatis.builder.BuilderException: Error parsing Mapper XML. The XML location is 'file [/Users/sl/Documents/java/enn/e-hub/e-hub-service/target/classes/mapper/AggregatorBaseLineLoadChartMapper.xml]'. Cause: org.apache.ibatis.builder.BuilderException: Error resolving class. Cause: org.apache.ibatis.type.TypeException: Could not resolve type alias 'cn.sl.ehub.upstream.vo.AggregatorBaseLineLoadChart'.  Cause: java.lang.ClassNotFoundException: Cannot find class: cn.sl.ehub.upstream.vo.AggregatorBaseLineLoadChart
	at org.springframework.context.annotation.CommonAnnotationBeanPostProcessor.postProcessProperties(CommonAnnotationBeanPostProcessor.java:321)
	at org.springframework.beans.factory.support.AbstractAutowireCapableBeanFactory.populateBean(AbstractAutowireCapableBeanFactory.java:1425)
	at org.springframework.beans.factory.support.AbstractAutowireCapableBeanFactory.doCreateBean(AbstractAutowireCapableBeanFactory.java:593)
	at org.springframework.beans.factory.support.AbstractAutowireCapableBeanFactory.createBean(AbstractAutowireCapableBeanFactory.java:516)
	at org.springframework.beans.factory.support.AbstractBeanFactory.lambda$doGetBean$0(AbstractBeanFactory.java:324)
	at org.springframework.beans.factory.support.DefaultSingletonBeanRegistry.getSingleton(DefaultSingletonBeanRegistry.java:234)
	at org.springframework.beans.factory.support.AbstractBeanFactory.doGetBean(AbstractBeanFactory.java:322)
	at org.springframework.beans.factory.support.AbstractBeanFactory.getBean(AbstractBeanFactory.java:202)
	at org.springframework.beans.factory.support.DefaultListableBeanFactory.preInstantiateSingletons(DefaultListableBeanFactory.java:897)
	at org.springframework.context.support.AbstractApplicationContext.finishBeanFactoryInitialization(AbstractApplicationContext.java:879)
	at org.springframework.context.support.AbstractApplicationContext.refresh(AbstractApplicationContext.java:551)
	at org.springframework.boot.web.servlet.context.ServletWebServerApplicationContext.refresh(ServletWebServerApplicationContext.java:143)
	at org.springframework.boot.SpringApplication.refresh(SpringApplication.java:758)
	at org.springframework.boot.SpringApplication.refresh(SpringApplication.java:750)
	at org.springframework.boot.SpringApplication.refreshContext(SpringApplication.java:397)
	at org.springframework.boot.SpringApplication.run(SpringApplication.java:315)
	at org.springframework.boot.SpringApplication.run(SpringApplication.java:1237)
	at org.springframework.boot.SpringApplication.run(SpringApplication.java:1226)
	at cn.sl.ehub.upstream.EHubUpstreamApplication.main(EHubUpstreamApplication.java:23)
	at sun.reflect.NativeMethodAccessorImpl.invoke0(Native Method)
	at sun.reflect.NativeMethodAccessorImpl.invoke(NativeMethodAccessorImpl.java:62)
	at sun.reflect.DelegatingMethodAccessorImpl.invoke(DelegatingMethodAccessorImpl.java:43)
	at java.lang.reflect.Method.invoke(Method.java:498)
	at org.springframework.boot.devtools.restart.RestartLauncher.run(RestartLauncher.java:49)
Caused by: org.springframework.beans.factory.BeanCreationException: Error creating bean with name 'deliveryService': Injection of resource dependencies failed; nested exception is org.springframework.beans.factory.BeanCreationException: Error creating bean with name 'totalDeliveryLogService': Injection of resource dependencies failed; nested exception is org.springframework.beans.factory.UnsatisfiedDependencyException: Error creating bean with name 'totalDeliveryLogMapper' defined in file [/Users/sl/Documents/java/enn/e-hub/e-hub-service/target/classes/cn/sl/ehub/service/mapper/TotalDeliveryLogMapper.class]: Unsatisfied dependency expressed through bean property 'sqlSessionFactory'; nested exception is org.springframework.beans.factory.BeanCreationException: Error creating bean with name 'sqlSessionFactory' defined in class path resource [com/baomidou/mybatisplus/autoconfigure/MybatisPlusAutoConfiguration.class]: Bean instantiation via factory method failed; nested exception is org.springframework.beans.BeanInstantiationException: Failed to instantiate [org.apache.ibatis.session.SqlSessionFactory]: Factory method 'sqlSessionFactory' threw exception; nested exception is org.springframework.core.NestedIOException: Failed to parse mapping resource: 'file [/Users/sl/Documents/java/enn/e-hub/e-hub-service/target/classes/mapper/AggregatorBaseLineLoadChartMapper.xml]'; nested exception is org.apache.ibatis.builder.BuilderException: Error parsing Mapper XML. The XML location is 'file [/Users/sl/Documents/java/enn/e-hub/e-hub-service/target/classes/mapper/AggregatorBaseLineLoadChartMapper.xml]'. Cause: org.apache.ibatis.builder.BuilderException: Error resolving class. Cause: org.apache.ibatis.type.TypeException: Could not resolve type alias 'cn.sl.ehub.upstream.vo.AggregatorBaseLineLoadChart'.  Cause: java.lang.ClassNotFoundException: Cannot find class: cn.sl.ehub.upstream.vo.AggregatorBaseLineLoadChart
	at org.springframework.context.annotation.CommonAnnotationBeanPostProcessor.postProcessProperties(CommonAnnotationBeanPostProcessor.java:321)
	at org.springframework.beans.factory.support.AbstractAutowireCapableBeanFactory.populateBean(AbstractAutowireCapableBeanFactory.java:1425)
	at org.springframework.beans.factory.support.AbstractAutowireCapableBeanFactory.doCreateBean(AbstractAutowireCapableBeanFactory.java:593)
	at org.springframework.beans.factory.support.AbstractAutowireCapableBeanFactory.createBean(AbstractAutowireCapableBeanFactory.java:516)
	at org.springframework.beans.factory.support.AbstractBeanFactory.lambda$doGetBean$0(AbstractBeanFactory.java:324)
	at org.springframework.beans.factory.support.DefaultSingletonBeanRegistry.getSingleton(DefaultSingletonBeanRegistry.java:234)
	at org.springframework.beans.factory.support.AbstractBeanFactory.doGetBean(AbstractBeanFactory.java:322)
	at org.springframework.beans.factory.support.AbstractBeanFactory.getBean(AbstractBeanFactory.java:207)
	at org.springframework.beans.factory.support.AbstractAutowireCapableBeanFactory.resolveBeanByName(AbstractAutowireCapableBeanFactory.java:453)
	at org.springframework.context.annotation.CommonAnnotationBeanPostProcessor.autowireResource(CommonAnnotationBeanPostProcessor.java:527)
	at org.springframework.context.annotation.CommonAnnotationBeanPostProcessor.getResource(CommonAnnotationBeanPostProcessor.java:497)
	at org.springframework.context.annotation.CommonAnnotationBeanPostProcessor$ResourceElement.getResourceToInject(CommonAnnotationBeanPostProcessor.java:650)
	at org.springframework.beans.factory.annotation.InjectionMetadata$InjectedElement.inject(InjectionMetadata.java:228)
	at org.springframework.beans.factory.annotation.InjectionMetadata.inject(InjectionMetadata.java:119)
	at org.springframework.context.annotation.CommonAnnotationBeanPostProcessor.postProcessProperties(CommonAnnotationBeanPostProcessor.java:318)
	... 23 common frames omitted
Caused by: org.springframework.beans.factory.BeanCreationException: Error creating bean with name 'totalDeliveryLogService': Injection of resource dependencies failed; nested exception is org.springframework.beans.factory.UnsatisfiedDependencyException: Error creating bean with name 'totalDeliveryLogMapper' defined in file [/Users/sl/Documents/java/enn/e-hub/e-hub-service/target/classes/cn/sl/ehub/service/mapper/TotalDeliveryLogMapper.class]: Unsatisfied dependency expressed through bean property 'sqlSessionFactory'; nested exception is org.springframework.beans.factory.BeanCreationException: Error creating bean with name 'sqlSessionFactory' defined in class path resource [com/baomidou/mybatisplus/autoconfigure/MybatisPlusAutoConfiguration.class]: Bean instantiation via factory method failed; nested exception is org.springframework.beans.BeanInstantiationException: Failed to instantiate [org.apache.ibatis.session.SqlSessionFactory]: Factory method 'sqlSessionFactory' threw exception; nested exception is org.springframework.core.NestedIOException: Failed to parse mapping resource: 'file [/Users/sl/Documents/java/enn/e-hub/e-hub-service/target/classes/mapper/AggregatorBaseLineLoadChartMapper.xml]'; nested exception is org.apache.ibatis.builder.BuilderException: Error parsing Mapper XML. The XML location is 'file [/Users/sl/Documents/java/enn/e-hub/e-hub-service/target/classes/mapper/AggregatorBaseLineLoadChartMapper.xml]'. Cause: org.apache.ibatis.builder.BuilderException: Error resolving class. Cause: org.apache.ibatis.type.TypeException: Could not resolve type alias 'cn.sl.ehub.upstream.vo.AggregatorBaseLineLoadChart'.  Cause: java.lang.ClassNotFoundException: Cannot find class: cn.sl.ehub.upstream.vo.AggregatorBaseLineLoadChart
	at org.springframework.context.annotation.CommonAnnotationBeanPostProcessor.postProcessProperties(CommonAnnotationBeanPostProcessor.java:321)
	at org.springframework.beans.factory.support.AbstractAutowireCapableBeanFactory.populateBean(AbstractAutowireCapableBeanFactory.java:1425)
	at org.springframework.beans.factory.support.AbstractAutowireCapableBeanFactory.doCreateBean(AbstractAutowireCapableBeanFactory.java:593)
	at org.springframework.beans.factory.support.AbstractAutowireCapableBeanFactory.createBean(AbstractAutowireCapableBeanFactory.java:516)
	at org.springframework.beans.factory.support.AbstractBeanFactory.lambda$doGetBean$0(AbstractBeanFactory.java:324)
	at org.springframework.beans.factory.support.DefaultSingletonBeanRegistry.getSingleton(DefaultSingletonBeanRegistry.java:234)
	at org.springframework.beans.factory.support.AbstractBeanFactory.doGetBean(AbstractBeanFactory.java:322)
	at org.springframework.beans.factory.support.AbstractBeanFactory.getBean(AbstractBeanFactory.java:207)
	at org.springframework.beans.factory.support.AbstractAutowireCapableBeanFactory.resolveBeanByName(AbstractAutowireCapableBeanFactory.java:453)
	at org.springframework.context.annotation.CommonAnnotationBeanPostProcessor.autowireResource(CommonAnnotationBeanPostProcessor.java:527)
	at org.springframework.context.annotation.CommonAnnotationBeanPostProcessor.getResource(CommonAnnotationBeanPostProcessor.java:497)
	at org.springframework.context.annotation.CommonAnnotationBeanPostProcessor$ResourceElement.getResourceToInject(CommonAnnotationBeanPostProcessor.java:650)
	at org.springframework.beans.factory.annotation.InjectionMetadata$InjectedElement.inject(InjectionMetadata.java:228)
	at org.springframework.beans.factory.annotation.InjectionMetadata.inject(InjectionMetadata.java:119)
	at org.springframework.context.annotation.CommonAnnotationBeanPostProcessor.postProcessProperties(CommonAnnotationBeanPostProcessor.java:318)
	... 37 common frames omitted
Caused by: org.springframework.beans.factory.UnsatisfiedDependencyException: Error creating bean with name 'totalDeliveryLogMapper' defined in file [/Users/sl/Documents/java/enn/e-hub/e-hub-service/target/classes/cn/sl/ehub/service/mapper/TotalDeliveryLogMapper.class]: Unsatisfied dependency expressed through bean property 'sqlSessionFactory'; nested exception is org.springframework.beans.factory.BeanCreationException: Error creating bean with name 'sqlSessionFactory' defined in class path resource [com/baomidou/mybatisplus/autoconfigure/MybatisPlusAutoConfiguration.class]: Bean instantiation via factory method failed; nested exception is org.springframework.beans.BeanInstantiationException: Failed to instantiate [org.apache.ibatis.session.SqlSessionFactory]: Factory method 'sqlSessionFactory' threw exception; nested exception is org.springframework.core.NestedIOException: Failed to parse mapping resource: 'file [/Users/sl/Documents/java/enn/e-hub/e-hub-service/target/classes/mapper/AggregatorBaseLineLoadChartMapper.xml]'; nested exception is org.apache.ibatis.builder.BuilderException: Error parsing Mapper XML. The XML location is 'file [/Users/sl/Documents/java/enn/e-hub/e-hub-service/target/classes/mapper/AggregatorBaseLineLoadChartMapper.xml]'. Cause: org.apache.ibatis.builder.BuilderException: Error resolving class. Cause: org.apache.ibatis.type.TypeException: Could not resolve type alias 'cn.sl.ehub.upstream.vo.AggregatorBaseLineLoadChart'.  Cause: java.lang.ClassNotFoundException: Cannot find class: cn.sl.ehub.upstream.vo.AggregatorBaseLineLoadChart
	at org.springframework.beans.factory.support.AbstractAutowireCapableBeanFactory.autowireByType(AbstractAutowireCapableBeanFactory.java:1529)
	at org.springframework.beans.factory.support.AbstractAutowireCapableBeanFactory.populateBean(AbstractAutowireCapableBeanFactory.java:1409)
	at org.springframework.beans.factory.support.AbstractAutowireCapableBeanFactory.doCreateBean(AbstractAutowireCapableBeanFactory.java:593)
	at org.springframework.beans.factory.support.AbstractAutowireCapableBeanFactory.createBean(AbstractAutowireCapableBeanFactory.java:516)
	at org.springframework.beans.factory.support.AbstractBeanFactory.lambda$doGetBean$0(AbstractBeanFactory.java:324)
	at org.springframework.beans.factory.support.DefaultSingletonBeanRegistry.getSingleton(DefaultSingletonBeanRegistry.java:234)
	at org.springframework.beans.factory.support.AbstractBeanFactory.doGetBean(AbstractBeanFactory.java:322)
	at org.springframework.beans.factory.support.AbstractBeanFactory.getBean(AbstractBeanFactory.java:207)
	at org.springframework.beans.factory.support.AbstractAutowireCapableBeanFactory.resolveBeanByName(AbstractAutowireCapableBeanFactory.java:453)
	at org.springframework.context.annotation.CommonAnnotationBeanPostProcessor.autowireResource(CommonAnnotationBeanPostProcessor.java:527)
	at org.springframework.context.annotation.CommonAnnotationBeanPostProcessor.getResource(CommonAnnotationBeanPostProcessor.java:497)
	at org.springframework.context.annotation.CommonAnnotationBeanPostProcessor$ResourceElement.getResourceToInject(CommonAnnotationBeanPostProcessor.java:650)
	at org.springframework.beans.factory.annotation.InjectionMetadata$InjectedElement.inject(InjectionMetadata.java:228)
	at org.springframework.beans.factory.annotation.InjectionMetadata.inject(InjectionMetadata.java:119)
	at org.springframework.context.annotation.CommonAnnotationBeanPostProcessor.postProcessProperties(CommonAnnotationBeanPostProcessor.java:318)
	... 51 common frames omitted
Caused by: org.springframework.beans.factory.BeanCreationException: Error creating bean with name 'sqlSessionFactory' defined in class path resource [com/baomidou/mybatisplus/autoconfigure/MybatisPlusAutoConfiguration.class]: Bean instantiation via factory method failed; nested exception is org.springframework.beans.BeanInstantiationException: Failed to instantiate [org.apache.ibatis.session.SqlSessionFactory]: Factory method 'sqlSessionFactory' threw exception; nested exception is org.springframework.core.NestedIOException: Failed to parse mapping resource: 'file [/Users/sl/Documents/java/enn/e-hub/e-hub-service/target/classes/mapper/AggregatorBaseLineLoadChartMapper.xml]'; nested exception is org.apache.ibatis.builder.BuilderException: Error parsing Mapper XML. The XML location is 'file [/Users/sl/Documents/java/enn/e-hub/e-hub-service/target/classes/mapper/AggregatorBaseLineLoadChartMapper.xml]'. Cause: org.apache.ibatis.builder.BuilderException: Error resolving class. Cause: org.apache.ibatis.type.TypeException: Could not resolve type alias 'cn.sl.ehub.upstream.vo.AggregatorBaseLineLoadChart'.  Cause: java.lang.ClassNotFoundException: Cannot find class: cn.sl.ehub.upstream.vo.AggregatorBaseLineLoadChart
	at org.springframework.beans.factory.support.ConstructorResolver.instantiate(ConstructorResolver.java:657)
	at org.springframework.beans.factory.support.ConstructorResolver.instantiateUsingFactoryMethod(ConstructorResolver.java:637)
	at org.springframework.beans.factory.support.AbstractAutowireCapableBeanFactory.instantiateUsingFactoryMethod(AbstractAutowireCapableBeanFactory.java:1341)
	at org.springframework.beans.factory.support.AbstractAutowireCapableBeanFactory.createBeanInstance(AbstractAutowireCapableBeanFactory.java:1181)
	at org.springframework.beans.factory.support.AbstractAutowireCapableBeanFactory.doCreateBean(AbstractAutowireCapableBeanFactory.java:556)
	at org.springframework.beans.factory.support.AbstractAutowireCapableBeanFactory.createBean(AbstractAutowireCapableBeanFactory.java:516)
	at org.springframework.beans.factory.support.AbstractBeanFactory.lambda$doGetBean$0(AbstractBeanFactory.java:324)
	at org.springframework.beans.factory.support.DefaultSingletonBeanRegistry.getSingleton(DefaultSingletonBeanRegistry.java:234)
	at org.springframework.beans.factory.support.AbstractBeanFactory.doGetBean(AbstractBeanFactory.java:322)
	at org.springframework.beans.factory.support.AbstractBeanFactory.getBean(AbstractBeanFactory.java:202)
	at org.springframework.beans.factory.config.DependencyDescriptor.resolveCandidate(DependencyDescriptor.java:276)
	at org.springframework.beans.factory.support.DefaultListableBeanFactory.doResolveDependency(DefaultListableBeanFactory.java:1307)
	at org.springframework.beans.factory.support.DefaultListableBeanFactory.resolveDependency(DefaultListableBeanFactory.java:1227)
	at org.springframework.beans.factory.support.AbstractAutowireCapableBeanFactory.autowireByType(AbstractAutowireCapableBeanFactory.java:1514)
	... 65 common frames omitted
Caused by: org.springframework.beans.BeanInstantiationException: Failed to instantiate [org.apache.ibatis.session.SqlSessionFactory]: Factory method 'sqlSessionFactory' threw exception; nested exception is org.springframework.core.NestedIOException: Failed to parse mapping resource: 'file [/Users/sl/Documents/java/enn/e-hub/e-hub-service/target/classes/mapper/AggregatorBaseLineLoadChartMapper.xml]'; nested exception is org.apache.ibatis.builder.BuilderException: Error parsing Mapper XML. The XML location is 'file [/Users/sl/Documents/java/enn/e-hub/e-hub-service/target/classes/mapper/AggregatorBaseLineLoadChartMapper.xml]'. Cause: org.apache.ibatis.builder.BuilderException: Error resolving class. Cause: org.apache.ibatis.type.TypeException: Could not resolve type alias 'cn.sl.ehub.upstream.vo.AggregatorBaseLineLoadChart'.  Cause: java.lang.ClassNotFoundException: Cannot find class: cn.sl.ehub.upstream.vo.AggregatorBaseLineLoadChart
	at org.springframework.beans.factory.support.SimpleInstantiationStrategy.instantiate(SimpleInstantiationStrategy.java:185)
	at org.springframework.beans.factory.support.ConstructorResolver.instantiate(ConstructorResolver.java:652)
	... 78 common frames omitted
Caused by: org.springframework.core.NestedIOException: Failed to parse mapping resource: 'file [/Users/sl/Documents/java/enn/e-hub/e-hub-service/target/classes/mapper/AggregatorBaseLineLoadChartMapper.xml]'; nested exception is org.apache.ibatis.builder.BuilderException: Error parsing Mapper XML. The XML location is 'file [/Users/sl/Documents/java/enn/e-hub/e-hub-service/target/classes/mapper/AggregatorBaseLineLoadChartMapper.xml]'. Cause: org.apache.ibatis.builder.BuilderException: Error resolving class. Cause: org.apache.ibatis.type.TypeException: Could not resolve type alias 'cn.sl.ehub.upstream.vo.AggregatorBaseLineLoadChart'.  Cause: java.lang.ClassNotFoundException: Cannot find class: cn.sl.ehub.upstream.vo.AggregatorBaseLineLoadChart
	at com.baomidou.mybatisplus.extension.spring.MybatisSqlSessionFactoryBean.buildSqlSessionFactory(MybatisSqlSessionFactoryBean.java:576)
	at com.baomidou.mybatisplus.extension.spring.MybatisSqlSessionFactoryBean.afterPropertiesSet(MybatisSqlSessionFactoryBean.java:445)
	at com.baomidou.mybatisplus.extension.spring.MybatisSqlSessionFactoryBean.getObject(MybatisSqlSessionFactoryBean.java:609)
	at com.baomidou.mybatisplus.autoconfigure.MybatisPlusAutoConfiguration.sqlSessionFactory(MybatisPlusAutoConfiguration.java:218)
	at sun.reflect.NativeMethodAccessorImpl.invoke0(Native Method)
	at sun.reflect.NativeMethodAccessorImpl.invoke(NativeMethodAccessorImpl.java:62)
	at sun.reflect.DelegatingMethodAccessorImpl.invoke(DelegatingMethodAccessorImpl.java:43)
	at java.lang.reflect.Method.invoke(Method.java:498)
	at org.springframework.beans.factory.support.SimpleInstantiationStrategy.instantiate(SimpleInstantiationStrategy.java:154)
	... 79 common frames omitted
Caused by: org.apache.ibatis.builder.BuilderException: Error parsing Mapper XML. The XML location is 'file [/Users/sl/Documents/java/enn/e-hub/e-hub-service/target/classes/mapper/AggregatorBaseLineLoadChartMapper.xml]'. Cause: org.apache.ibatis.builder.BuilderException: Error resolving class. Cause: org.apache.ibatis.type.TypeException: Could not resolve type alias 'cn.sl.ehub.upstream.vo.AggregatorBaseLineLoadChart'.  Cause: java.lang.ClassNotFoundException: Cannot find class: cn.sl.ehub.upstream.vo.AggregatorBaseLineLoadChart
	at org.apache.ibatis.builder.xml.XMLMapperBuilder.configurationElement(XMLMapperBuilder.java:123)
	at org.apache.ibatis.builder.xml.XMLMapperBuilder.parse(XMLMapperBuilder.java:95)
	at com.baomidou.mybatisplus.extension.spring.MybatisSqlSessionFactoryBean.buildSqlSessionFactory(MybatisSqlSessionFactoryBean.java:574)
	... 87 common frames omitted
Caused by: org.apache.ibatis.builder.BuilderException: Error resolving class. Cause: org.apache.ibatis.type.TypeException: Could not resolve type alias 'cn.sl.ehub.upstream.vo.AggregatorBaseLineLoadChart'.  Cause: java.lang.ClassNotFoundException: Cannot find class: cn.sl.ehub.upstream.vo.AggregatorBaseLineLoadChart
	at org.apache.ibatis.builder.BaseBuilder.resolveClass(BaseBuilder.java:118)
	at org.apache.ibatis.builder.xml.XMLMapperBuilder.resultMapElement(XMLMapperBuilder.java:263)
	at org.apache.ibatis.builder.xml.XMLMapperBuilder.resultMapElement(XMLMapperBuilder.java:254)
	at org.apache.ibatis.builder.xml.XMLMapperBuilder.resultMapElements(XMLMapperBuilder.java:246)
	at org.apache.ibatis.builder.xml.XMLMapperBuilder.configurationElement(XMLMapperBuilder.java:119)
	... 89 common frames omitted
Caused by: org.apache.ibatis.type.TypeException: Could not resolve type alias 'cn.sl.ehub.upstream.vo.AggregatorBaseLineLoadChart'.  Cause: java.lang.ClassNotFoundException: Cannot find class: cn.sl.ehub.upstream.vo.AggregatorBaseLineLoadChart
	at org.apache.ibatis.type.TypeAliasRegistry.resolveAlias(TypeAliasRegistry.java:120)
	at org.apache.ibatis.builder.BaseBuilder.resolveAlias(BaseBuilder.java:149)
	at org.apache.ibatis.builder.BaseBuilder.resolveClass(BaseBuilder.java:116)
	... 93 common frames omitted
Caused by: java.lang.ClassNotFoundException: Cannot find class: cn.sl.ehub.upstream.vo.AggregatorBaseLineLoadChart
	at org.apache.ibatis.io.ClassLoaderWrapper.classForName(ClassLoaderWrapper.java:196)
	at org.apache.ibatis.io.ClassLoaderWrapper.classForName(ClassLoaderWrapper.java:89)
	at org.apache.ibatis.io.Resources.classForName(Resources.java:261)
	at org.apache.ibatis.type.TypeAliasRegistry.resolveAlias(TypeAliasRegistry.java:116)
	... 95 common frames omitted
2026-06-10 19:22:21.489 [background-preinit] INFO  o.h.validator.internal.util.Version -HV000001: Hibernate Validator 6.1.5.Final
2026-06-10 19:22:21.532 [restartedMain] INFO  c.s.e.u.EHubUpstreamApplication -Starting EHubUpstreamApplication on MacBook-Pro-9.local with PID 6897 (/Users/sl/Documents/java/enn/e-hub/e-hub-upstream/target/classes started by sl in /Users/sl/Documents/java/enn/e-hub)
2026-06-10 19:22:21.532 [restartedMain] INFO  c.s.e.u.EHubUpstreamApplication -The following profiles are active: dev
2026-06-10 19:22:21.595 [restartedMain] INFO  o.s.b.d.e.DevToolsPropertyDefaultsPostProcessor -Devtools property defaults active! Set 'spring.devtools.add-properties' to 'false' to disable
2026-06-10 19:22:21.595 [restartedMain] INFO  o.s.b.d.e.DevToolsPropertyDefaultsPostProcessor -For additional web related logging consider setting the 'logging.level.web' property to 'DEBUG'
2026-06-10 19:22:22.012 [background-preinit] WARN  o.s.h.c.j.Jackson2ObjectMapperBuilder -For Jackson Kotlin classes support please add "com.fasterxml.jackson.module:jackson-module-kotlin" to the classpath
2026-06-10 19:22:23.407 [restartedMain] INFO  o.s.d.r.c.RepositoryConfigurationDelegate -Multiple Spring Data modules found, entering strict repository configuration mode!
2026-06-10 19:22:23.410 [restartedMain] INFO  o.s.d.r.c.RepositoryConfigurationDelegate -Bootstrapping Spring Data JDBC repositories in DEFAULT mode.
2026-06-10 19:22:23.439 [restartedMain] INFO  o.s.d.r.c.RepositoryConfigurationDelegate -Finished Spring Data repository scanning in 22ms. Found 0 JDBC repository interfaces.
2026-06-10 19:22:23.534 [restartedMain] INFO  o.s.d.r.c.RepositoryConfigurationDelegate -Multiple Spring Data modules found, entering strict repository configuration mode!
2026-06-10 19:22:23.538 [restartedMain] INFO  o.s.d.r.c.RepositoryConfigurationDelegate -Bootstrapping Spring Data Redis repositories in DEFAULT mode.
2026-06-10 19:22:23.566 [restartedMain] INFO  o.s.d.r.c.RepositoryConfigurationDelegate -Finished Spring Data repository scanning in 9ms. Found 0 Redis repository interfaces.
2026-06-10 19:22:23.889 [restartedMain] WARN  o.m.s.mapper.ClassPathMapperScanner -No MyBatis mapper was found in '[cn.sl.ehub.upstream]' package. Please check your configuration.
2026-06-10 19:22:24.825 [restartedMain] INFO  o.s.b.w.e.tomcat.TomcatWebServer -Tomcat initialized with port(s): 8088 (http)
2026-06-10 19:22:24.849 [restartedMain] INFO  o.a.coyote.http11.Http11NioProtocol -Initializing ProtocolHandler ["http-nio-8088"]
2026-06-10 19:22:24.851 [restartedMain] INFO  o.a.catalina.core.StandardService -Starting service [Tomcat]
2026-06-10 19:22:24.869 [restartedMain] INFO  o.a.catalina.core.StandardEngine -Starting Servlet engine: [Apache Tomcat/9.0.38]
2026-06-10 19:22:24.955 [restartedMain] INFO  o.a.c.c.C.[Tomcat].[localhost].[/] -Initializing Spring embedded WebApplicationContext
2026-06-10 19:22:24.956 [restartedMain] INFO  o.s.b.w.s.c.ServletWebServerApplicationContext -Root WebApplicationContext: initialization completed in 3361 ms
2026-06-10 19:22:25.273 [restartedMain] INFO  cn.sl.ehub.upstream.config.SSLConfig -==========trustStore处理成功
2026-06-10 19:22:25.632 [restartedMain] INFO  cn.sl.ehub.upstream.config.SSLConfig -=========keyStore处理成功
2026-06-10 19:22:26.115 [restartedMain] WARN  o.s.b.w.s.c.AnnotationConfigServletWebServerApplicationContext -Exception encountered during context initialization - cancelling refresh attempt: org.springframework.beans.factory.BeanCreationException: Error creating bean with name 'deliveryController': Injection of resource dependencies failed; nested exception is org.springframework.beans.factory.BeanCreationException: Error creating bean with name 'deliveryService': Injection of resource dependencies failed; nested exception is org.springframework.beans.factory.BeanCreationException: Error creating bean with name 'totalDeliveryLogService': Injection of resource dependencies failed; nested exception is org.springframework.beans.factory.UnsatisfiedDependencyException: Error creating bean with name 'totalDeliveryLogMapper' defined in file [/Users/sl/Documents/java/enn/e-hub/e-hub-service/target/classes/cn/sl/ehub/service/mapper/TotalDeliveryLogMapper.class]: Unsatisfied dependency expressed through bean property 'sqlSessionFactory'; nested exception is org.springframework.beans.factory.BeanCreationException: Error creating bean with name 'sqlSessionFactory' defined in class path resource [com/baomidou/mybatisplus/autoconfigure/MybatisPlusAutoConfiguration.class]: Bean instantiation via factory method failed; nested exception is org.springframework.beans.BeanInstantiationException: Failed to instantiate [org.apache.ibatis.session.SqlSessionFactory]: Factory method 'sqlSessionFactory' threw exception; nested exception is org.springframework.core.NestedIOException: Failed to parse mapping resource: 'file [/Users/sl/Documents/java/enn/e-hub/e-hub-service/target/classes/mapper/AggregatorCrChartMapper.xml]'; nested exception is org.apache.ibatis.builder.BuilderException: Error creating document instance.  Cause: org.xml.sax.SAXParseException; lineNumber: 1; columnNumber: 1; 文件提前结束。
2026-06-10 19:22:26.120 [restartedMain] INFO  o.a.catalina.core.StandardService -Stopping service [Tomcat]
2026-06-10 19:22:26.134 [restartedMain] INFO  o.s.b.a.l.ConditionEvaluationReportLoggingListener -

Error starting ApplicationContext. To display the conditions report re-run your application with 'debug' enabled.
2026-06-10 19:22:26.141 [restartedMain] ERROR o.s.boot.SpringApplication -Application run failed
org.springframework.beans.factory.BeanCreationException: Error creating bean with name 'deliveryController': Injection of resource dependencies failed; nested exception is org.springframework.beans.factory.BeanCreationException: Error creating bean with name 'deliveryService': Injection of resource dependencies failed; nested exception is org.springframework.beans.factory.BeanCreationException: Error creating bean with name 'totalDeliveryLogService': Injection of resource dependencies failed; nested exception is org.springframework.beans.factory.UnsatisfiedDependencyException: Error creating bean with name 'totalDeliveryLogMapper' defined in file [/Users/sl/Documents/java/enn/e-hub/e-hub-service/target/classes/cn/sl/ehub/service/mapper/TotalDeliveryLogMapper.class]: Unsatisfied dependency expressed through bean property 'sqlSessionFactory'; nested exception is org.springframework.beans.factory.BeanCreationException: Error creating bean with name 'sqlSessionFactory' defined in class path resource [com/baomidou/mybatisplus/autoconfigure/MybatisPlusAutoConfiguration.class]: Bean instantiation via factory method failed; nested exception is org.springframework.beans.BeanInstantiationException: Failed to instantiate [org.apache.ibatis.session.SqlSessionFactory]: Factory method 'sqlSessionFactory' threw exception; nested exception is org.springframework.core.NestedIOException: Failed to parse mapping resource: 'file [/Users/sl/Documents/java/enn/e-hub/e-hub-service/target/classes/mapper/AggregatorCrChartMapper.xml]'; nested exception is org.apache.ibatis.builder.BuilderException: Error creating document instance.  Cause: org.xml.sax.SAXParseException; lineNumber: 1; columnNumber: 1; 文件提前结束。
	at org.springframework.context.annotation.CommonAnnotationBeanPostProcessor.postProcessProperties(CommonAnnotationBeanPostProcessor.java:321)
	at org.springframework.beans.factory.support.AbstractAutowireCapableBeanFactory.populateBean(AbstractAutowireCapableBeanFactory.java:1425)
	at org.springframework.beans.factory.support.AbstractAutowireCapableBeanFactory.doCreateBean(AbstractAutowireCapableBeanFactory.java:593)
	at org.springframework.beans.factory.support.AbstractAutowireCapableBeanFactory.createBean(AbstractAutowireCapableBeanFactory.java:516)
	at org.springframework.beans.factory.support.AbstractBeanFactory.lambda$doGetBean$0(AbstractBeanFactory.java:324)
	at org.springframework.beans.factory.support.DefaultSingletonBeanRegistry.getSingleton(DefaultSingletonBeanRegistry.java:234)
	at org.springframework.beans.factory.support.AbstractBeanFactory.doGetBean(AbstractBeanFactory.java:322)
	at org.springframework.beans.factory.support.AbstractBeanFactory.getBean(AbstractBeanFactory.java:202)
	at org.springframework.beans.factory.support.DefaultListableBeanFactory.preInstantiateSingletons(DefaultListableBeanFactory.java:897)
	at org.springframework.context.support.AbstractApplicationContext.finishBeanFactoryInitialization(AbstractApplicationContext.java:879)
	at org.springframework.context.support.AbstractApplicationContext.refresh(AbstractApplicationContext.java:551)
	at org.springframework.boot.web.servlet.context.ServletWebServerApplicationContext.refresh(ServletWebServerApplicationContext.java:143)
	at org.springframework.boot.SpringApplication.refresh(SpringApplication.java:758)
	at org.springframework.boot.SpringApplication.refresh(SpringApplication.java:750)
	at org.springframework.boot.SpringApplication.refreshContext(SpringApplication.java:397)
	at org.springframework.boot.SpringApplication.run(SpringApplication.java:315)
	at org.springframework.boot.SpringApplication.run(SpringApplication.java:1237)
	at org.springframework.boot.SpringApplication.run(SpringApplication.java:1226)
	at cn.sl.ehub.upstream.EHubUpstreamApplication.main(EHubUpstreamApplication.java:23)
	at sun.reflect.NativeMethodAccessorImpl.invoke0(Native Method)
	at sun.reflect.NativeMethodAccessorImpl.invoke(NativeMethodAccessorImpl.java:62)
	at sun.reflect.DelegatingMethodAccessorImpl.invoke(DelegatingMethodAccessorImpl.java:43)
	at java.lang.reflect.Method.invoke(Method.java:498)
	at org.springframework.boot.devtools.restart.RestartLauncher.run(RestartLauncher.java:49)
Caused by: org.springframework.beans.factory.BeanCreationException: Error creating bean with name 'deliveryService': Injection of resource dependencies failed; nested exception is org.springframework.beans.factory.BeanCreationException: Error creating bean with name 'totalDeliveryLogService': Injection of resource dependencies failed; nested exception is org.springframework.beans.factory.UnsatisfiedDependencyException: Error creating bean with name 'totalDeliveryLogMapper' defined in file [/Users/sl/Documents/java/enn/e-hub/e-hub-service/target/classes/cn/sl/ehub/service/mapper/TotalDeliveryLogMapper.class]: Unsatisfied dependency expressed through bean property 'sqlSessionFactory'; nested exception is org.springframework.beans.factory.BeanCreationException: Error creating bean with name 'sqlSessionFactory' defined in class path resource [com/baomidou/mybatisplus/autoconfigure/MybatisPlusAutoConfiguration.class]: Bean instantiation via factory method failed; nested exception is org.springframework.beans.BeanInstantiationException: Failed to instantiate [org.apache.ibatis.session.SqlSessionFactory]: Factory method 'sqlSessionFactory' threw exception; nested exception is org.springframework.core.NestedIOException: Failed to parse mapping resource: 'file [/Users/sl/Documents/java/enn/e-hub/e-hub-service/target/classes/mapper/AggregatorCrChartMapper.xml]'; nested exception is org.apache.ibatis.builder.BuilderException: Error creating document instance.  Cause: org.xml.sax.SAXParseException; lineNumber: 1; columnNumber: 1; 文件提前结束。
	at org.springframework.context.annotation.CommonAnnotationBeanPostProcessor.postProcessProperties(CommonAnnotationBeanPostProcessor.java:321)
	at org.springframework.beans.factory.support.AbstractAutowireCapableBeanFactory.populateBean(AbstractAutowireCapableBeanFactory.java:1425)
	at org.springframework.beans.factory.support.AbstractAutowireCapableBeanFactory.doCreateBean(AbstractAutowireCapableBeanFactory.java:593)
	at org.springframework.beans.factory.support.AbstractAutowireCapableBeanFactory.createBean(AbstractAutowireCapableBeanFactory.java:516)
	at org.springframework.beans.factory.support.AbstractBeanFactory.lambda$doGetBean$0(AbstractBeanFactory.java:324)
	at org.springframework.beans.factory.support.DefaultSingletonBeanRegistry.getSingleton(DefaultSingletonBeanRegistry.java:234)
	at org.springframework.beans.factory.support.AbstractBeanFactory.doGetBean(AbstractBeanFactory.java:322)
	at org.springframework.beans.factory.support.AbstractBeanFactory.getBean(AbstractBeanFactory.java:207)
	at org.springframework.beans.factory.support.AbstractAutowireCapableBeanFactory.resolveBeanByName(AbstractAutowireCapableBeanFactory.java:453)
	at org.springframework.context.annotation.CommonAnnotationBeanPostProcessor.autowireResource(CommonAnnotationBeanPostProcessor.java:527)
	at org.springframework.context.annotation.CommonAnnotationBeanPostProcessor.getResource(CommonAnnotationBeanPostProcessor.java:497)
	at org.springframework.context.annotation.CommonAnnotationBeanPostProcessor$ResourceElement.getResourceToInject(CommonAnnotationBeanPostProcessor.java:650)
	at org.springframework.beans.factory.annotation.InjectionMetadata$InjectedElement.inject(InjectionMetadata.java:228)
	at org.springframework.beans.factory.annotation.InjectionMetadata.inject(InjectionMetadata.java:119)
	at org.springframework.context.annotation.CommonAnnotationBeanPostProcessor.postProcessProperties(CommonAnnotationBeanPostProcessor.java:318)
	... 23 common frames omitted
Caused by: org.springframework.beans.factory.BeanCreationException: Error creating bean with name 'totalDeliveryLogService': Injection of resource dependencies failed; nested exception is org.springframework.beans.factory.UnsatisfiedDependencyException: Error creating bean with name 'totalDeliveryLogMapper' defined in file [/Users/sl/Documents/java/enn/e-hub/e-hub-service/target/classes/cn/sl/ehub/service/mapper/TotalDeliveryLogMapper.class]: Unsatisfied dependency expressed through bean property 'sqlSessionFactory'; nested exception is org.springframework.beans.factory.BeanCreationException: Error creating bean with name 'sqlSessionFactory' defined in class path resource [com/baomidou/mybatisplus/autoconfigure/MybatisPlusAutoConfiguration.class]: Bean instantiation via factory method failed; nested exception is org.springframework.beans.BeanInstantiationException: Failed to instantiate [org.apache.ibatis.session.SqlSessionFactory]: Factory method 'sqlSessionFactory' threw exception; nested exception is org.springframework.core.NestedIOException: Failed to parse mapping resource: 'file [/Users/sl/Documents/java/enn/e-hub/e-hub-service/target/classes/mapper/AggregatorCrChartMapper.xml]'; nested exception is org.apache.ibatis.builder.BuilderException: Error creating document instance.  Cause: org.xml.sax.SAXParseException; lineNumber: 1; columnNumber: 1; 文件提前结束。
	at org.springframework.context.annotation.CommonAnnotationBeanPostProcessor.postProcessProperties(CommonAnnotationBeanPostProcessor.java:321)
	at org.springframework.beans.factory.support.AbstractAutowireCapableBeanFactory.populateBean(AbstractAutowireCapableBeanFactory.java:1425)
	at org.springframework.beans.factory.support.AbstractAutowireCapableBeanFactory.doCreateBean(AbstractAutowireCapableBeanFactory.java:593)
	at org.springframework.beans.factory.support.AbstractAutowireCapableBeanFactory.createBean(AbstractAutowireCapableBeanFactory.java:516)
	at org.springframework.beans.factory.support.AbstractBeanFactory.lambda$doGetBean$0(AbstractBeanFactory.java:324)
	at org.springframework.beans.factory.support.DefaultSingletonBeanRegistry.getSingleton(DefaultSingletonBeanRegistry.java:234)
	at org.springframework.beans.factory.support.AbstractBeanFactory.doGetBean(AbstractBeanFactory.java:322)
	at org.springframework.beans.factory.support.AbstractBeanFactory.getBean(AbstractBeanFactory.java:207)
	at org.springframework.beans.factory.support.AbstractAutowireCapableBeanFactory.resolveBeanByName(AbstractAutowireCapableBeanFactory.java:453)
	at org.springframework.context.annotation.CommonAnnotationBeanPostProcessor.autowireResource(CommonAnnotationBeanPostProcessor.java:527)
	at org.springframework.context.annotation.CommonAnnotationBeanPostProcessor.getResource(CommonAnnotationBeanPostProcessor.java:497)
	at org.springframework.context.annotation.CommonAnnotationBeanPostProcessor$ResourceElement.getResourceToInject(CommonAnnotationBeanPostProcessor.java:650)
	at org.springframework.beans.factory.annotation.InjectionMetadata$InjectedElement.inject(InjectionMetadata.java:228)
	at org.springframework.beans.factory.annotation.InjectionMetadata.inject(InjectionMetadata.java:119)
	at org.springframework.context.annotation.CommonAnnotationBeanPostProcessor.postProcessProperties(CommonAnnotationBeanPostProcessor.java:318)
	... 37 common frames omitted
Caused by: org.springframework.beans.factory.UnsatisfiedDependencyException: Error creating bean with name 'totalDeliveryLogMapper' defined in file [/Users/sl/Documents/java/enn/e-hub/e-hub-service/target/classes/cn/sl/ehub/service/mapper/TotalDeliveryLogMapper.class]: Unsatisfied dependency expressed through bean property 'sqlSessionFactory'; nested exception is org.springframework.beans.factory.BeanCreationException: Error creating bean with name 'sqlSessionFactory' defined in class path resource [com/baomidou/mybatisplus/autoconfigure/MybatisPlusAutoConfiguration.class]: Bean instantiation via factory method failed; nested exception is org.springframework.beans.BeanInstantiationException: Failed to instantiate [org.apache.ibatis.session.SqlSessionFactory]: Factory method 'sqlSessionFactory' threw exception; nested exception is org.springframework.core.NestedIOException: Failed to parse mapping resource: 'file [/Users/sl/Documents/java/enn/e-hub/e-hub-service/target/classes/mapper/AggregatorCrChartMapper.xml]'; nested exception is org.apache.ibatis.builder.BuilderException: Error creating document instance.  Cause: org.xml.sax.SAXParseException; lineNumber: 1; columnNumber: 1; 文件提前结束。
	at org.springframework.beans.factory.support.AbstractAutowireCapableBeanFactory.autowireByType(AbstractAutowireCapableBeanFactory.java:1529)
	at org.springframework.beans.factory.support.AbstractAutowireCapableBeanFactory.populateBean(AbstractAutowireCapableBeanFactory.java:1409)
	at org.springframework.beans.factory.support.AbstractAutowireCapableBeanFactory.doCreateBean(AbstractAutowireCapableBeanFactory.java:593)
	at org.springframework.beans.factory.support.AbstractAutowireCapableBeanFactory.createBean(AbstractAutowireCapableBeanFactory.java:516)
	at org.springframework.beans.factory.support.AbstractBeanFactory.lambda$doGetBean$0(AbstractBeanFactory.java:324)
	at org.springframework.beans.factory.support.DefaultSingletonBeanRegistry.getSingleton(DefaultSingletonBeanRegistry.java:234)
	at org.springframework.beans.factory.support.AbstractBeanFactory.doGetBean(AbstractBeanFactory.java:322)
	at org.springframework.beans.factory.support.AbstractBeanFactory.getBean(AbstractBeanFactory.java:207)
	at org.springframework.beans.factory.support.AbstractAutowireCapableBeanFactory.resolveBeanByName(AbstractAutowireCapableBeanFactory.java:453)
	at org.springframework.context.annotation.CommonAnnotationBeanPostProcessor.autowireResource(CommonAnnotationBeanPostProcessor.java:527)
	at org.springframework.context.annotation.CommonAnnotationBeanPostProcessor.getResource(CommonAnnotationBeanPostProcessor.java:497)
	at org.springframework.context.annotation.CommonAnnotationBeanPostProcessor$ResourceElement.getResourceToInject(CommonAnnotationBeanPostProcessor.java:650)
	at org.springframework.beans.factory.annotation.InjectionMetadata$InjectedElement.inject(InjectionMetadata.java:228)
	at org.springframework.beans.factory.annotation.InjectionMetadata.inject(InjectionMetadata.java:119)
	at org.springframework.context.annotation.CommonAnnotationBeanPostProcessor.postProcessProperties(CommonAnnotationBeanPostProcessor.java:318)
	... 51 common frames omitted
Caused by: org.springframework.beans.factory.BeanCreationException: Error creating bean with name 'sqlSessionFactory' defined in class path resource [com/baomidou/mybatisplus/autoconfigure/MybatisPlusAutoConfiguration.class]: Bean instantiation via factory method failed; nested exception is org.springframework.beans.BeanInstantiationException: Failed to instantiate [org.apache.ibatis.session.SqlSessionFactory]: Factory method 'sqlSessionFactory' threw exception; nested exception is org.springframework.core.NestedIOException: Failed to parse mapping resource: 'file [/Users/sl/Documents/java/enn/e-hub/e-hub-service/target/classes/mapper/AggregatorCrChartMapper.xml]'; nested exception is org.apache.ibatis.builder.BuilderException: Error creating document instance.  Cause: org.xml.sax.SAXParseException; lineNumber: 1; columnNumber: 1; 文件提前结束。
	at org.springframework.beans.factory.support.ConstructorResolver.instantiate(ConstructorResolver.java:657)
	at org.springframework.beans.factory.support.ConstructorResolver.instantiateUsingFactoryMethod(ConstructorResolver.java:637)
	at org.springframework.beans.factory.support.AbstractAutowireCapableBeanFactory.instantiateUsingFactoryMethod(AbstractAutowireCapableBeanFactory.java:1341)
	at org.springframework.beans.factory.support.AbstractAutowireCapableBeanFactory.createBeanInstance(AbstractAutowireCapableBeanFactory.java:1181)
	at org.springframework.beans.factory.support.AbstractAutowireCapableBeanFactory.doCreateBean(AbstractAutowireCapableBeanFactory.java:556)
	at org.springframework.beans.factory.support.AbstractAutowireCapableBeanFactory.createBean(AbstractAutowireCapableBeanFactory.java:516)
	at org.springframework.beans.factory.support.AbstractBeanFactory.lambda$doGetBean$0(AbstractBeanFactory.java:324)
	at org.springframework.beans.factory.support.DefaultSingletonBeanRegistry.getSingleton(DefaultSingletonBeanRegistry.java:234)
	at org.springframework.beans.factory.support.AbstractBeanFactory.doGetBean(AbstractBeanFactory.java:322)
	at org.springframework.beans.factory.support.AbstractBeanFactory.getBean(AbstractBeanFactory.java:202)
	at org.springframework.beans.factory.config.DependencyDescriptor.resolveCandidate(DependencyDescriptor.java:276)
	at org.springframework.beans.factory.support.DefaultListableBeanFactory.doResolveDependency(DefaultListableBeanFactory.java:1307)
	at org.springframework.beans.factory.support.DefaultListableBeanFactory.resolveDependency(DefaultListableBeanFactory.java:1227)
	at org.springframework.beans.factory.support.AbstractAutowireCapableBeanFactory.autowireByType(AbstractAutowireCapableBeanFactory.java:1514)
	... 65 common frames omitted
Caused by: org.springframework.beans.BeanInstantiationException: Failed to instantiate [org.apache.ibatis.session.SqlSessionFactory]: Factory method 'sqlSessionFactory' threw exception; nested exception is org.springframework.core.NestedIOException: Failed to parse mapping resource: 'file [/Users/sl/Documents/java/enn/e-hub/e-hub-service/target/classes/mapper/AggregatorCrChartMapper.xml]'; nested exception is org.apache.ibatis.builder.BuilderException: Error creating document instance.  Cause: org.xml.sax.SAXParseException; lineNumber: 1; columnNumber: 1; 文件提前结束。
	at org.springframework.beans.factory.support.SimpleInstantiationStrategy.instantiate(SimpleInstantiationStrategy.java:185)
	at org.springframework.beans.factory.support.ConstructorResolver.instantiate(ConstructorResolver.java:652)
	... 78 common frames omitted
Caused by: org.springframework.core.NestedIOException: Failed to parse mapping resource: 'file [/Users/sl/Documents/java/enn/e-hub/e-hub-service/target/classes/mapper/AggregatorCrChartMapper.xml]'; nested exception is org.apache.ibatis.builder.BuilderException: Error creating document instance.  Cause: org.xml.sax.SAXParseException; lineNumber: 1; columnNumber: 1; 文件提前结束。
	at com.baomidou.mybatisplus.extension.spring.MybatisSqlSessionFactoryBean.buildSqlSessionFactory(MybatisSqlSessionFactoryBean.java:576)
	at com.baomidou.mybatisplus.extension.spring.MybatisSqlSessionFactoryBean.afterPropertiesSet(MybatisSqlSessionFactoryBean.java:445)
	at com.baomidou.mybatisplus.extension.spring.MybatisSqlSessionFactoryBean.getObject(MybatisSqlSessionFactoryBean.java:609)
	at com.baomidou.mybatisplus.autoconfigure.MybatisPlusAutoConfiguration.sqlSessionFactory(MybatisPlusAutoConfiguration.java:218)
	at sun.reflect.NativeMethodAccessorImpl.invoke0(Native Method)
	at sun.reflect.NativeMethodAccessorImpl.invoke(NativeMethodAccessorImpl.java:62)
	at sun.reflect.DelegatingMethodAccessorImpl.invoke(DelegatingMethodAccessorImpl.java:43)
	at java.lang.reflect.Method.invoke(Method.java:498)
	at org.springframework.beans.factory.support.SimpleInstantiationStrategy.instantiate(SimpleInstantiationStrategy.java:154)
	... 79 common frames omitted
Caused by: org.apache.ibatis.builder.BuilderException: Error creating document instance.  Cause: org.xml.sax.SAXParseException; lineNumber: 1; columnNumber: 1; 文件提前结束。
	at org.apache.ibatis.parsing.XPathParser.createDocument(XPathParser.java:263)
	at org.apache.ibatis.parsing.XPathParser.<init>(XPathParser.java:127)
	at org.apache.ibatis.builder.xml.XMLMapperBuilder.<init>(XMLMapperBuilder.java:81)
	at com.baomidou.mybatisplus.extension.spring.MybatisSqlSessionFactoryBean.buildSqlSessionFactory(MybatisSqlSessionFactoryBean.java:573)
	... 87 common frames omitted
Caused by: org.xml.sax.SAXParseException: 文件提前结束。
	at com.sun.org.apache.xerces.internal.util.ErrorHandlerWrapper.createSAXParseException(ErrorHandlerWrapper.java:203)
	at com.sun.org.apache.xerces.internal.util.ErrorHandlerWrapper.fatalError(ErrorHandlerWrapper.java:177)
	at com.sun.org.apache.xerces.internal.impl.XMLErrorReporter.reportError(XMLErrorReporter.java:400)
	at com.sun.org.apache.xerces.internal.impl.XMLErrorReporter.reportError(XMLErrorReporter.java:327)
	at com.sun.org.apache.xerces.internal.impl.XMLScanner.reportFatalError(XMLScanner.java:1472)
	at com.sun.org.apache.xerces.internal.impl.XMLDocumentScannerImpl$PrologDriver.next(XMLDocumentScannerImpl.java:1014)
	at com.sun.org.apache.xerces.internal.impl.XMLDocumentScannerImpl.next(XMLDocumentScannerImpl.java:602)
	at com.sun.org.apache.xerces.internal.impl.XMLDocumentFragmentScannerImpl.scanDocument(XMLDocumentFragmentScannerImpl.java:505)
	at com.sun.org.apache.xerces.internal.parsers.XML11Configuration.parse(XML11Configuration.java:842)
	at com.sun.org.apache.xerces.internal.parsers.XML11Configuration.parse(XML11Configuration.java:771)
	at com.sun.org.apache.xerces.internal.parsers.XMLParser.parse(XMLParser.java:141)
	at com.sun.org.apache.xerces.internal.parsers.DOMParser.parse(DOMParser.java:243)
	at com.sun.org.apache.xerces.internal.jaxp.DocumentBuilderImpl.parse(DocumentBuilderImpl.java:339)
	at org.apache.ibatis.parsing.XPathParser.createDocument(XPathParser.java:261)
	... 90 common frames omitted
